-- phpMyAdmin SQL Dump
-- version 4.9.2
-- https://www.phpmyadmin.net/
--
-- Host: 127.0.0.1
-- Generation Time: Sep 16, 2021 at 05:44 PM
-- Server version: 10.4.11-MariaDB
-- PHP Version: 7.4.1

SET SQL_MODE = "NO_AUTO_VALUE_ON_ZERO";
SET AUTOCOMMIT = 0;
START TRANSACTION;
SET time_zone = "+00:00";


/*!40101 SET @OLD_CHARACTER_SET_CLIENT=@@CHARACTER_SET_CLIENT */;
/*!40101 SET @OLD_CHARACTER_SET_RESULTS=@@CHARACTER_SET_RESULTS */;
/*!40101 SET @OLD_COLLATION_CONNECTION=@@COLLATION_CONNECTION */;
/*!40101 SET NAMES utf8mb4 */;

--
-- Database: `traveldb`
--

-- --------------------------------------------------------

--
-- Table structure for table `booking_schedule`
--

CREATE TABLE `booking_schedule` (
  `id_booking` int(11) NOT NULL,
  `id_member` int(11) NOT NULL,
  `id_room` int(11) NOT NULL,
  `fullname` varchar(100) NOT NULL,
  `phone` varchar(10) NOT NULL,
  `checkin_date` timestamp NULL DEFAULT NULL,
  `checkout_date` timestamp NULL DEFAULT NULL,
  `deposit` int(11) NOT NULL,
  `code` char(10) NOT NULL,
  `state` varchar(20) NOT NULL
) ENGINE=InnoDB DEFAULT CHARSET=utf8mb4;

--
-- Dumping data for table `booking_schedule`
--

INSERT INTO `booking_schedule` (`id_booking`, `id_member`, `id_room`, `fullname`, `phone`, `checkin_date`, `checkout_date`, `deposit`, `code`, `state`) VALUES
(1, 1, 1, '', '', '2021-08-30 05:00:00', '2021-09-01 05:00:00', 200000, '1254654', 'CHOXACNHAN'),
(2, 2, 5, '', '', '2021-09-01 05:00:00', '2021-09-04 05:00:00', 300000, '4564564', 'DAXACNHAN'),
(7, 2, 1, '', '', '2021-09-01 05:01:00', '2021-09-08 05:00:00', 150000, '', 'CHOXACNHAN'),
(8, 2, 1, '', '', '2021-09-16 05:01:00', '2021-09-25 05:00:00', 150000, '', 'CHOXACNHAN'),
(9, 2, 4, '', '', '2021-09-16 05:01:00', '2021-09-17 05:00:00', 130000, '', 'DaXACNHAN'),
(10, 2, 2, '', '', '2021-09-13 05:01:00', '2021-09-15 05:00:00', 250000, '12345678', 'DANHANPHONG'),
(12, 1, 5, '', '', '2021-09-09 05:01:00', '2021-09-14 05:00:00', 200000, 'fgffdgf', 'DANHANPHONG'),
(13, 2, 5, '', '', '2021-09-14 05:01:00', '2021-09-15 05:00:00', 200000, '87654321', 'DAXACNHAN'),
(14, 4, 1, 'Hồ Thị Ngọc Bích', '0356620426', '2021-09-15 05:01:00', '2021-09-16 05:00:00', 150000, '', 'DAXACNHAN'),
(15, 0, 4, 'Nguyễn Thị Lệ Trâm', '0939301077', '2021-09-15 05:01:00', '2021-09-16 05:00:00', 0, '', 'DANHANPHONG');

-- --------------------------------------------------------

--
-- Table structure for table `comment`
--

CREATE TABLE `comment` (
  `id_comment` int(11) NOT NULL,
  `id_member` int(11) NOT NULL,
  `id_host` int(11) NOT NULL,
  `content` varchar(500) NOT NULL,
  `image` varchar(500) DEFAULT NULL,
  `date_create` timestamp NULL DEFAULT current_timestamp()
) ENGINE=InnoDB DEFAULT CHARSET=utf8mb4;

--
-- Dumping data for table `comment`
--

INSERT INTO `comment` (`id_comment`, `id_member`, `id_host`, `content`, `image`, `date_create`) VALUES
(21, 2, 1, 'Phòng rẻ, giá hợp lý, sạch sẽ', '', '2021-08-26 09:33:18'),
(22, 2, 1, 'Phòng rẻ, giá hợp lý, sạch sẽ', 'imageComment/yellowstar.png', '2021-08-26 09:33:37'),
(23, 2, 2, '', 'imageComment/icon-add-convenient.png', '2021-08-26 09:34:33'),
(24, 2, 2, 'fsdfasdfa', '', '2021-08-26 09:43:29'),
(25, 2, 1, 'fsdfasdf', '', '2021-08-26 09:44:45'),
(26, 2, 1, 'fsdfasdfa', '', '2021-08-26 09:47:55'),
(27, 2, 1, 'fsdfasdfasdfa', '', '2021-08-26 09:48:33'),
(28, 2, 1, 'fsdfasdfasf', 'imageComment/icon-add-convenient.png', '2021-08-26 09:49:57'),
(29, 2, 5, 'gàgadfgsdfg', 'imageComment/yellowstar.png', '2021-08-26 09:51:13'),
(30, 2, 5, 'fsdfasdfasdfa', 'imageComment/icon-add-convenient.png', '2021-08-26 10:04:55'),
(31, 2, 5, 'fsdfasdfaf', 'imageComment/icon-add-convenient.png', '2021-08-26 10:05:40'),
(32, 2, 5, 'fsdfasdf', 'imageComment/icon-add-convenient.png', '2021-08-26 10:06:27'),
(33, 2, 11, 'fdfasdfasdf', 'imageComment/icon-add-convenient.png', '2021-08-26 10:07:23'),
(34, 2, 1, 'fsdfasf', '', '2021-08-26 10:12:55'),
(35, 2, 1, 'fsdfasdf', '', '2021-08-26 10:12:59'),
(36, 2, 1, 'fsdfasdfsf', '', '2021-08-26 10:14:04'),
(37, 2, 1, 'fsdfas', '', '2021-08-26 10:17:55'),
(38, 2, 1, 'fsdfasdf', '', '2021-08-26 10:18:07'),
(39, 2, 1, 'aaaaaaaaaaaaaaaaaaaaaaaaaaaaa', '', '2021-08-26 10:18:26'),
(40, 2, 1, 'fsdfasdfasf', '', '2021-08-26 10:18:41'),
(41, 2, 1, 'fasdfasdfasdf', '', '2021-08-26 10:48:14'),
(42, 2, 1, 'hello', '', '2021-08-26 10:48:27'),
(43, 2, 1, 'sdfasdfasfdasdfaf', '', '2021-09-01 06:57:14');

-- --------------------------------------------------------

--
-- Table structure for table `convenient`
--

CREATE TABLE `convenient` (
  `id_conv` int(11) NOT NULL,
  `name_conv` varchar(50) NOT NULL,
  `icon_conv` varchar(500) NOT NULL
) ENGINE=InnoDB DEFAULT CHARSET=utf8mb4;

--
-- Dumping data for table `convenient`
--

INSERT INTO `convenient` (`id_conv`, `name_conv`, `icon_conv`) VALUES
(34, 'Bãi đỗ xe', 'icon/parking.png'),
(35, 'Máy lạnh', 'icon/air-conditioner.png'),
(45, 'Máy nước nóng', 'icon/icon-water-heater-removebg-preview.png'),
(46, 'Phòng bếp', 'icon/icon-kitchen-room-removebg-preview.png'),
(47, 'Máy sấy', 'icon/icon-hair-dryer-removebg-preview.png'),
(48, 'Ấm đun siêu tốc', 'icon/icon-kettle-removebg-preview.png'),
(49, 'Điểm tâm sáng', 'icon/icon-dinner-removebg-preview.png'),
(50, 'Tủ lạnh', 'icon/icon-refrigerator-removebg-preview.png'),
(51, 'Tivi', 'icon/icon-television-removebg-preview.png'),
(52, 'View biển', 'icon/icon-beach-view-removebg-preview.png'),
(53, 'Ban công', 'icon/icon-balcony-removebg-preview.png'),
(54, 'Dịch vụ giặt sấy', 'icon/icon-washing-removebg-preview.png'),
(55, 'Bồn tắm', 'icon/icon-bath-removebg-preview.png'),
(56, 'Nhà vệ sinh riêng', 'icon/icon-toilet-removebg-preview.png'),
(57, 'Hồ bơi', 'icon/icon-swiming-pool-removebg-preview.png'),
(58, 'Thang máy', 'icon/icon-elevator-removebg-preview.png'),
(59, 'Bàn ủi', 'icon/icon-flat-iron-removebg-preview.png');

-- --------------------------------------------------------

--
-- Table structure for table `evaluate`
--

CREATE TABLE `evaluate` (
  `id_evaluate` int(11) NOT NULL,
  `id_member` int(11) NOT NULL,
  `id_host` int(11) NOT NULL,
  `point` int(11) NOT NULL
) ENGINE=InnoDB DEFAULT CHARSET=utf8mb4;

--
-- Dumping data for table `evaluate`
--

INSERT INTO `evaluate` (`id_evaluate`, `id_member`, `id_host`, `point`) VALUES
(19, 2, 1, 4),
(20, 2, 5, 4),
(21, 2, 11, 4),
(22, 3, 2, 5);

-- --------------------------------------------------------

--
-- Table structure for table `host`
--

CREATE TABLE `host` (
  `id_host` int(11) NOT NULL,
  `fullname_host` varchar(50) NOT NULL,
  `company_name` varchar(100) NOT NULL,
  `email_host` varchar(50) NOT NULL,
  `password` varchar(32) NOT NULL,
  `paypal_id` varchar(200) NOT NULL,
  `bank_number` varchar(20) NOT NULL,
  `branch_name` varchar(200) NOT NULL,
  `owner_acount` varchar(100) NOT NULL,
  `phone_host` int(10) NOT NULL,
  `address_host` varchar(200) NOT NULL,
  `logo_host` varchar(100) NOT NULL,
  `latitude` double NOT NULL,
  `longtitude` double NOT NULL
) ENGINE=InnoDB DEFAULT CHARSET=utf8mb4;

--
-- Dumping data for table `host`
--

INSERT INTO `host` (`id_host`, `fullname_host`, `company_name`, `email_host`, `password`, `paypal_id`, `bank_number`, `branch_name`, `owner_acount`, `phone_host`, `address_host`, `logo_host`, `latitude`, `longtitude`) VALUES
(1, 'Dương Hồ Dũ', 'Rex Hotel', 'rexhotel@gmail.com', '202cb962ac59075b964b07152d234b70', 'AVEpyOfccyJyybwLWPt31MrNDr8faJTOJJKBKIalaQpqDhxWEJWCJmTg79PWMcx-7tic3fADObWfIT2D', '0111000353319', 'VIETCOMBANK, chi nhánh 30/4, Cần Thơ', 'Duong Ho Du', 365944451, 'Rex Hotel, 141, Nguyễn Huệ, Bến Nghé, Sài Gòn, Việt Nam', 'image/logo.png', 10.775581, 106.7010667),
(2, 'Delcina Klagges', 'Hotel Sofitel Legend Metropole Hanoi', 'delcinaklagges@gmail.com', '202cb962ac59075b964b07152d234b70', 'AVEpyOfccyJyybwLWPt31MrNDr8faJTOJJKBKIalaQpqDhxWEJWCJmTg79PWMcx-7tic3fADObWfIT2D', '0', 'VIETCOMBANK - CHI NHANH 30/4, CAN THO', 'Duong Ho Du', 2147483647, 'Khách sạn Sofitel Metropole, 15, Phố Ngô Quyền, Phường Tràng Tiền, Hà Nội, Việt Nam', 'image/2021-07-08 (2).png', 21.025491, 105.8559879),
(3, 'Alidia Negus', 'Hotel Mercure Hanoi la Gare', 'alidianegus@gmail.com', '202cb962ac59075b964b07152d234b70', 'AVEpyOfccyJyybwLWPt31MrNDr8faJTOJJKBKIalaQpqDhxWEJWCJmTg79PWMcx-7tic3fADObWfIT2D', '0', 'VIETCOMBANK - CHI NHANH 30/4, CAN THO', 'Duong Ho Du', 2147483647, 'Mercure Hanoi La Gare, 94, Phố Lý Thường Kiệt, Phường Cửa Nam, Hà Nội, 111103, Việt Nam', 'image/2021-07-08 (2).png', 21.0262027, 105.8416769),
(4, 'Jedidiah Nell', 'ÊMM Sài Gòn', 'jedidiahnell@gmail.com', '202cb962ac59075b964b07152d234b70', 'AVEpyOfccyJyybwLWPt31MrNDr8faJTOJJKBKIalaQpqDhxWEJWCJmTg79PWMcx-7tic3fADObWfIT2D', '0', 'VIETCOMBANK - CHI NHANH 30/4, CAN THO', 'Duong Ho Du', 2147483647, 'ÊMM HOTEL SAIGON, 157, Pasteur, Phường Võ Thị Sáu, Sài Gòn, Việt Nam', 'image/2021-07-08 (2).png', 10.7848698, 106.6906702),
(5, 'Carmelina Posnett', 'Hotel Hanoi Tirant', 'carmelinaposnett@gmail.com', '202cb962ac59075b964b07152d234b70', 'AVEpyOfccyJyybwLWPt31MrNDr8faJTOJJKBKIalaQpqDhxWEJWCJmTg79PWMcx-7tic3fADObWfIT2D', '0', 'VIETCOMBANK - CHI NHANH 30/4, CAN THO', 'Duong Ho Du', 2147483647, 'Tirant Hotel, Phố Gia Ngư, Phường Hàng Bạc, Hà Nội, 110904, Việt Nam', 'image/2021-07-08 (2).png', 21.0331753, 105.852303),
(6, 'Nessa Linfield', 'Sanctuary Ho Tram Community', 'nessalinfield@gmail.com', '202cb962ac59075b964b07152d234b70', 'AVEpyOfccyJyybwLWPt31MrNDr8faJTOJJKBKIalaQpqDhxWEJWCJmTg79PWMcx-7tic3fADObWfIT2D', '0', 'VIETCOMBANK - CHI NHANH 30/4, CAN THO', 'Duong Ho Du', 2147483647, 'Sanctuary Ho Tram Resort Community, Hồ Tràm, Xuyên Mộc, Việt Nam', 'image/2021-07-08 (2).png', 10.4712948, 107.4313751),
(7, 'Brittney Lashley', 'Sapaly Lào Cai', 'brittneylashley@gmail.com', '202cb962ac59075b964b07152d234b70', 'AVEpyOfccyJyybwLWPt31MrNDr8faJTOJJKBKIalaQpqDhxWEJWCJmTg79PWMcx-7tic3fADObWfIT2D', '0', 'VIETCOMBANK - CHI NHANH 30/4, CAN THO', 'Duong Ho Du', 2147483647, 'Sapaly Hotel, Đường Nguyễn Huệ, Lào Cai, Tỉnh Lào Cai 333864, Việt Nam', 'image/2021-07-08 (2).png', 22.506149, 103.9664484),
(8, 'Kristi Thurling', 'Mường Thanh Grand Đà Nẵng', 'kristithurling@gmail.com', '202cb962ac59075b964b07152d234b70', 'AVEpyOfccyJyybwLWPt31MrNDr8faJTOJJKBKIalaQpqDhxWEJWCJmTg79PWMcx-7tic3fADObWfIT2D', '0', 'VIETCOMBANK - CHI NHANH 30/4, CAN THO', 'Duong Ho Du', 2147483647, 'Muong Thanh, Đường Ngô Quyền, Sơn Trà, Đà Nẵng, Việt Nam', 'image/2021-07-08 (2).png', 16.0644692, 108.2330616),
(9, 'Rodrique Snoxell', 'Rising Dragon Villa', 'rodriquesnoxell@gmail.com', '202cb962ac59075b964b07152d234b70', 'AVEpyOfccyJyybwLWPt31MrNDr8faJTOJJKBKIalaQpqDhxWEJWCJmTg79PWMcx-7tic3fADObWfIT2D', '0', 'VIETCOMBANK - CHI NHANH 30/4, CAN THO', 'Duong Ho Du', 1065474277, 'Rising Dragon Villa, 43, Phố Bát Sứ, Phường Hàng Bồ, Hà Nội, 111000, Việt Nam', 'image/2021-07-08 (2).png', 21.0345522, 105.8474998),
(10, 'Margit Colleton', 'La Veranda Phú Quốc Resort', 'margitcolleton@gmail.com', '202cb962ac59075b964b07152d234b70', 'AVEpyOfccyJyybwLWPt31MrNDr8faJTOJJKBKIalaQpqDhxWEJWCJmTg79PWMcx-7tic3fADObWfIT2D', '0', 'VIETCOMBANK - CHI NHANH 30/4, CAN THO', 'Duong Ho Du', 2114262311, 'Le Veranda Resort, Trần Hưng Đạo, Dương Đông, Thành phố Phú Quốc, Kiên Giang 922210, Việt Nam', 'image/2021-07-08 (2).png', 10.1940291, 103.9652344),
(11, 'Antin Sterrick', 'Six Senses Con Dao', 'antinsterrick@gmail.com', '202cb962ac59075b964b07152d234b70', 'AVEpyOfccyJyybwLWPt31MrNDr8faJTOJJKBKIalaQpqDhxWEJWCJmTg79PWMcx-7tic3fADObWfIT2D', '0', 'VIETCOMBANK - CHI NHANH 30/4, CAN THO', 'Duong Ho Du', 2147483647, 'Six Senses, Côn Đảo, Tỉnh Bà Rịa-Vũng Tàu, Việt Nam', 'image/2021-07-08 (2).png', 8.6988382, 106.6322707),
(12, 'Schuyler Ricciardiello', 'Sunrise Premium Resort Hội An', 'schuylerricciardiello@gmail.com', '202cb962ac59075b964b07152d234b70', 'AVEpyOfccyJyybwLWPt31MrNDr8faJTOJJKBKIalaQpqDhxWEJWCJmTg79PWMcx-7tic3fADObWfIT2D', '0', 'VIETCOMBANK - CHI NHANH 30/4, CAN THO', 'Duong Ho Du', 2147483647, 'Sunrise Premium Resort Hoi An, Cửa Đại, Thành phố Hội An, Tỉnh Quảng Nam, Việt Nam', 'image/2021-07-08 (2).png', 15.8895282, 108.3788268),
(13, 'Roman Halse', 'Vip Garden Homestay', 'romanhalse@gmail.com', '202cb962ac59075b964b07152d234b70', 'AVEpyOfccyJyybwLWPt31MrNDr8faJTOJJKBKIalaQpqDhxWEJWCJmTg79PWMcx-7tic3fADObWfIT2D', '0', 'VIETCOMBANK - CHI NHANH 30/4, CAN THO', 'Duong Ho Du', 2147483647, 'Garden Homestay, 491, Tỉnh Ninh Bình, Việt Nam', 'image/2021-07-08 (2).png', 20.2846767, 105.8635281),
(14, 'Jeanie Tremathick', 'M Hotel Saigon', 'jeanietremathick@gmail.com', '202cb962ac59075b964b07152d234b70', 'AVEpyOfccyJyybwLWPt31MrNDr8faJTOJJKBKIalaQpqDhxWEJWCJmTg79PWMcx-7tic3fADObWfIT2D', '0', 'VIETCOMBANK - CHI NHANH 30/4, CAN THO', 'Duong Ho Du', 2147483647, 'hotel saigon, 63, Đường Bùi Viện, Phường Phạm Ngũ Lão, Sài Gòn, Việt Nam', 'image/2021-07-08 (2).png', 10.7670171, 106.6931591),
(15, 'Loree Kulver', 'Hanoi Guesthouse', 'loreekulver@gmail.com', '202cb962ac59075b964b07152d234b70', 'AVEpyOfccyJyybwLWPt31MrNDr8faJTOJJKBKIalaQpqDhxWEJWCJmTg79PWMcx-7tic3fADObWfIT2D', '0', 'VIETCOMBANK - CHI NHANH 30/4, CAN THO', 'Duong Ho Du', 2147483647, 'Hanoi Guesthouse, Phố Mã Mây, Phường Hàng Bạc, Hà Nội, 110904, Việt Nam', 'image/2021-07-08 (2).png', 21.0344162, 105.8535098),
(16, 'Gilda Stormouth', 'HaiAn Beach', 'gildastormouth@gmail.com', '202cb962ac59075b964b07152d234b70', 'AVEpyOfccyJyybwLWPt31MrNDr8faJTOJJKBKIalaQpqDhxWEJWCJmTg79PWMcx-7tic3fADObWfIT2D', '0', 'VIETCOMBANK - CHI NHANH 30/4, CAN THO', 'Duong Ho Du', 2147483647, 'Haian Beach Hotel & Spa, 278, Đường Võ Nguyên Giáp, Ngũ Hành Sơn, Đà Nẵng, Việt Nam', 'image/2021-07-08 (2).png', 16.0530479, 108.2475341),
(17, 'Theresa Seacombe', 'The Luxe', 'theresaseacombe@gmail.com', '202cb962ac59075b964b07152d234b70', 'AVEpyOfccyJyybwLWPt31MrNDr8faJTOJJKBKIalaQpqDhxWEJWCJmTg79PWMcx-7tic3fADObWfIT2D', '0', 'VIETCOMBANK - CHI NHANH 30/4, CAN THO', 'Duong Ho Du', 2147483647, 'The Luxe (Mạnh Như đang ở), Lê Thánh Tôn, Bến Thành, Sài Gòn, Việt Nam', 'image/2021-07-08 (2).png', 10.771868, 106.695745),
(18, 'Ruprecht Dumberell', 'InterContinental Danang Sun Peninsula R', 'ruprechtdumberell@gmail.com', '202cb962ac59075b964b07152d234b70', 'AVEpyOfccyJyybwLWPt31MrNDr8faJTOJJKBKIalaQpqDhxWEJWCJmTg79PWMcx-7tic3fADObWfIT2D', '0', 'VIETCOMBANK - CHI NHANH 30/4, CAN THO', 'Duong Ho Du', 2147483647, 'InterContinental Danang Sun Peninsula Resort, Đường Hoàng Sa, Sơn Trà, Đà Nẵng, Việt Nam', 'image/2021-07-08 (2).png', 16.120038, 108.3072592),
(19, 'Eolande Glentz', 'Vinpearl Hotel Thanh Hoa', 'eolandeglentz@gmail.com', '202cb962ac59075b964b07152d234b70', 'AVEpyOfccyJyybwLWPt31MrNDr8faJTOJJKBKIalaQpqDhxWEJWCJmTg79PWMcx-7tic3fADObWfIT2D', '0', 'VIETCOMBANK - CHI NHANH 30/4, CAN THO', 'Duong Ho Du', 2147483647, 'Vinpearl Hotel, Triệu Quốc Đạt, Thanh Hóa, Tỉnh Thanh Hóa, Việt Nam', 'image/2021-07-08 (2).png', 19.810097, 105.7778591),
(20, 'Marne Opdenorth', 'Lotus Hội An Boutique Hotel & Spa', 'marneopdenorth@gmail.com', '202cb962ac59075b964b07152d234b70', 'AVEpyOfccyJyybwLWPt31MrNDr8faJTOJJKBKIalaQpqDhxWEJWCJmTg79PWMcx-7tic3fADObWfIT2D', '0', 'VIETCOMBANK - CHI NHANH 30/4, CAN THO', 'Duong Ho Du', 2147483647, 'Lotus Hội An Boutique Hotel & Spa', 'image/2021-07-08 (2).png', 21.032831, 105.8539652),
(21, 'Caryl Pendleberry', 'Mekong Rustic Lodge', 'carylpendleberry@gmail.com', '202cb962ac59075b964b07152d234b70', 'AVEpyOfccyJyybwLWPt31MrNDr8faJTOJJKBKIalaQpqDhxWEJWCJmTg79PWMcx-7tic3fADObWfIT2D', '0', 'VIETCOMBANK - CHI NHANH 30/4, CAN THO', 'Duong Ho Du', 2147483647, 'Mekong Rustic Homestay, 260, Trưng Nữ Vương, Cái Bè, Việt Nam', 'image/2021-07-08 (2).png', 10.316578, 106.0352807),
(22, 'Base Quarrington', 'Phoenix Hotel', 'basequarrington@gmail.com', '202cb962ac59075b964b07152d234b70', 'AVEpyOfccyJyybwLWPt31MrNDr8faJTOJJKBKIalaQpqDhxWEJWCJmTg79PWMcx-7tic3fADObWfIT2D', '0', 'VIETCOMBANK - CHI NHANH 30/4, CAN THO', 'Duong Ho Du', 2147483647, 'Cồn Phụng, Thành phố Mỹ Tho, Việt Nam', 'image/2021-07-08 (2).png', 10.3336295, 106.3572824),
(23, 'Dyann Barszczewski', 'Conifer Grand Hotel', 'dyannbarszczewski@gmail.com', '202cb962ac59075b964b07152d234b70', 'AVEpyOfccyJyybwLWPt31MrNDr8faJTOJJKBKIalaQpqDhxWEJWCJmTg79PWMcx-7tic3fADObWfIT2D', '0', 'VIETCOMBANK - CHI NHANH 30/4, CAN THO', 'Duong Ho Du', 2147483647, 'Conifer Grand Hotel, 42, Ngõ Thọ Xương, Phường Hàng Trống, Hà Nội, 110214, Việt Nam', 'image/2021-07-08 (2).png', 21.0289149, 105.8482786),
(24, 'Keir Grigolashvill', 'Hotel Ninh Binh Legend', 'keirgrigolashvill@gmail.com', '202cb962ac59075b964b07152d234b70', 'AVEpyOfccyJyybwLWPt31MrNDr8faJTOJJKBKIalaQpqDhxWEJWCJmTg79PWMcx-7tic3fADObWfIT2D', '0', 'VIETCOMBANK - CHI NHANH 30/4, CAN THO', 'Duong Ho Du', 2147483647, 'Ninh Binh Legend Hotel, Đường Lê Thái Tổ, Ninh Bình, Tỉnh Ninh Bình, Việt Nam', 'image/2021-07-08 (2).png', 20.2744939, 105.9587265),
(25, 'Sully Kummerlowe', 'Hotel Atrium Hanoi', 'sullykummerlowe@gmail.com', '202cb962ac59075b964b07152d234b70', 'AVEpyOfccyJyybwLWPt31MrNDr8faJTOJJKBKIalaQpqDhxWEJWCJmTg79PWMcx-7tic3fADObWfIT2D', '0', 'VIETCOMBANK - CHI NHANH 30/4, CAN THO', 'Duong Ho Du', 2147483647, 'nhà nghi, Phố Tây Sơn, Phường Trung Liệt, Hà Nội, Việt Nam', 'image/2021-07-08 (2).png', 21.0076117, 105.8233515),
(26, 'Iorgos Ceyssen', 'Alba', 'iorgosceyssen@gmail.com', '202cb962ac59075b964b07152d234b70', 'AVEpyOfccyJyybwLWPt31MrNDr8faJTOJJKBKIalaQpqDhxWEJWCJmTg79PWMcx-7tic3fADObWfIT2D', '0', 'VIETCOMBANK - CHI NHANH 30/4, CAN THO', 'Duong Ho Du', 2147483647, 'Alba Hotel SPA, 29, Trần Quang Khải, Phú Hội, Huế, Thừa Thiên Huế 530000, Việt Nam', 'image/2021-07-08 (2).png', 16.4651268, 107.5952699),
(27, 'Constantino Romney', 'InterContinental Phu Quoc Long Beach Resort', 'constantinoromney@gmail.com', '202cb962ac59075b964b07152d234b70', 'AVEpyOfccyJyybwLWPt31MrNDr8faJTOJJKBKIalaQpqDhxWEJWCJmTg79PWMcx-7tic3fADObWfIT2D', '0', 'VIETCOMBANK - CHI NHANH 30/4, CAN THO', 'Duong Ho Du', 2147483647, 'InterContinental Phu Quoc Long Beach Resort, Trần Hưng Đạo, Thành phố Phú Quốc, Kiên Giang, Việt Nam', 'image/2021-07-08 (2).png', 10.1125834, 103.9833605),
(28, 'Lemmie Strase', 'Silk Queen', 'lemmiestrase@gmail.com', '202cb962ac59075b964b07152d234b70', 'AVEpyOfccyJyybwLWPt31MrNDr8faJTOJJKBKIalaQpqDhxWEJWCJmTg79PWMcx-7tic3fADObWfIT2D', '0', 'VIETCOMBANK - CHI NHANH 30/4, CAN THO', 'Duong Ho Du', 2147483647, 'Silk Queen Hotel, Phố Hàng Gai, Phường Hàng Gai, Hà Nội, 111000, Việt Nam', 'image/2021-07-08 (2).png', 21.0315778, 105.849374),
(29, 'Ignacius Eles', 'Garden View Court', 'ignaciuseles@gmail.com', '202cb962ac59075b964b07152d234b70', 'AVEpyOfccyJyybwLWPt31MrNDr8faJTOJJKBKIalaQpqDhxWEJWCJmTg79PWMcx-7tic3fADObWfIT2D', '0', 'VIETCOMBANK - CHI NHANH 30/4, CAN THO', 'Duong Ho Du', 1755723515, 'Garden View Court, 101, Nguyễn Du, Bến Thành, Sài Gòn, Việt Nam', 'image/2021-07-08 (2).png', 10.7749874, 106.6967474),
(30, 'Tandy Gerred', 'Hotel Parkside Sunline', 'tandygerred@gmail.com', '202cb962ac59075b964b07152d234b70', 'AVEpyOfccyJyybwLWPt31MrNDr8faJTOJJKBKIalaQpqDhxWEJWCJmTg79PWMcx-7tic3fADObWfIT2D', '0', 'VIETCOMBANK - CHI NHANH 30/4, CAN THO', 'Duong Ho Du', 2147483647, 'Parkside Sunline Hotel, Đường Đại Cồ Việt, Phường Bách Khoa, Hà Nội, Việt Nam', 'image/2021-07-08 (2).png', 21.008392, 105.8472847),
(31, 'Paola Extal', 'Seahorse Resort', 'paolaextal@gmail.com', '202cb962ac59075b964b07152d234b70', 'AVEpyOfccyJyybwLWPt31MrNDr8faJTOJJKBKIalaQpqDhxWEJWCJmTg79PWMcx-7tic3fADObWfIT2D', '0', 'VIETCOMBANK - CHI NHANH 30/4, CAN THO', 'Duong Ho Du', 2147483647, 'Seahorse Resort, Nguyễn Đình Chiểu, Phan Thiết, Tỉnh Bình Thuận, Việt Nam', 'image/2021-07-08 (2).png', 10.9430905, 108.1936571),
(32, 'Myer Korpolak', 'Hotel Thang Long Opera', 'myerkorpolak@gmail.com', '202cb962ac59075b964b07152d234b70', 'AVEpyOfccyJyybwLWPt31MrNDr8faJTOJJKBKIalaQpqDhxWEJWCJmTg79PWMcx-7tic3fADObWfIT2D', '0', 'VIETCOMBANK - CHI NHANH 30/4, CAN THO', 'Duong Ho Du', 2147483647, 'Thang Long Opera Hotel, Phố Tông Đản, Lý Thái Tổ, Hà Nội, 110070, Việt Nam', 'image/2021-07-08 (2).png', 21.0282015, 105.8574589),
(33, 'Constantina McKnockiter', 'Little Riverside Hoi An', 'constantinamcknockiter@gmail.com', '202cb962ac59075b964b07152d234b70', 'AVEpyOfccyJyybwLWPt31MrNDr8faJTOJJKBKIalaQpqDhxWEJWCJmTg79PWMcx-7tic3fADObWfIT2D', '0', 'VIETCOMBANK - CHI NHANH 30/4, CAN THO', 'Duong Ho Du', 1508742856, 'Lantana riverside, Thành phố Hội An, Tỉnh Quảng Nam, Việt Nam', 'image/2021-07-08 (2).png', 15.8919411, 108.3704124),
(34, 'Rodi Lobe', 'Hotel Hanoi Blue Sky 2', 'rodilobe@gmail.com', '202cb962ac59075b964b07152d234b70', 'AVEpyOfccyJyybwLWPt31MrNDr8faJTOJJKBKIalaQpqDhxWEJWCJmTg79PWMcx-7tic3fADObWfIT2D', '0', 'VIETCOMBANK - CHI NHANH 30/4, CAN THO', 'Duong Ho Du', 2147483647, 'Hanoi Blue Sky Hotel, Phố Hàng Cót, Phường Hàng Mã, Hà Nội, 100999, Việt Nam', 'image/2021-07-08 (2).png', 21.0369374, 105.8472445),
(35, 'Scotty Doblin', 'Melia Danang Beach', 'scottydoblin@gmail.com', '202cb962ac59075b964b07152d234b70', 'AVEpyOfccyJyybwLWPt31MrNDr8faJTOJJKBKIalaQpqDhxWEJWCJmTg79PWMcx-7tic3fADObWfIT2D', '0', 'VIETCOMBANK - CHI NHANH 30/4, CAN THO', 'Duong Ho Du', 2147483647, 'Meliá Danang, Đường Trường Sa, Ngũ Hành Sơn, Đà Nẵng, 564310, Việt Nam', 'image/2021-07-08 (2).png', 16.0003991, 108.2692363),
(36, 'Gaspar Gommes', 'Little Hội An Boutique Hotel & Spa', 'gaspargommes@gmail.com', '202cb962ac59075b964b07152d234b70', 'AVEpyOfccyJyybwLWPt31MrNDr8faJTOJJKBKIalaQpqDhxWEJWCJmTg79PWMcx-7tic3fADObWfIT2D', '0', 'VIETCOMBANK - CHI NHANH 30/4, CAN THO', 'Duong Ho Du', 2147483647, 'Little Hoian Central Boutique Hotel & Spa, Đường Hùng Vương, Cẩm Phô, Thành phố Hội An, Tỉnh Quảng Nam, Việt Nam', 'image/2021-07-08 (2).png', 15.8797503, 108.319306),
(37, 'Ulrikaumeko Lindell', 'Hội An Riverside Resort & Spa', 'ulrikaumekolindell@gmail.com', '202cb962ac59075b964b07152d234b70', 'AVEpyOfccyJyybwLWPt31MrNDr8faJTOJJKBKIalaQpqDhxWEJWCJmTg79PWMcx-7tic3fADObWfIT2D', '0', 'VIETCOMBANK - CHI NHANH 30/4, CAN THO', 'Duong Ho Du', 2147483647, 'Pho Hoi Riverside Resort, 1, Nguyễn Tri Phương, Cẩm Nam, Thành phố Hội An, Tỉnh Quảng Nam 560000, Việt Nam', 'image/2021-07-08 (2).png', 15.8745316, 108.3332791),
(38, 'Lynne Newart', 'Hue Serene Palace', 'lynnenewart@gmail.com', '202cb962ac59075b964b07152d234b70', 'AVEpyOfccyJyybwLWPt31MrNDr8faJTOJJKBKIalaQpqDhxWEJWCJmTg79PWMcx-7tic3fADObWfIT2D', '0', 'VIETCOMBANK - CHI NHANH 30/4, CAN THO', 'Duong Ho Du', 2147483647, 'hue serene palace hotel, Kiệt 1 Nguyễn Công Trứ, Phú Hội, Huế, Thừa Thiên Huế, Việt Nam', 'image/2021-07-08 (2).png', 16.4704511, 107.5971288),
(39, 'Zane Conws', 'Hotel Gk Central', 'zaneconws@gmail.com', '202cb962ac59075b964b07152d234b70', 'AVEpyOfccyJyybwLWPt31MrNDr8faJTOJJKBKIalaQpqDhxWEJWCJmTg79PWMcx-7tic3fADObWfIT2D', '0', 'VIETCOMBANK - CHI NHANH 30/4, CAN THO', 'Duong Ho Du', 2147483647, 'Hotel, Đường Phạm Văn Đồng, Ninh Hải, Hải Phòng, Việt Nam', 'image/2021-07-08 (2).png', 20.8167381, 106.6979555),
(40, 'Janel Orrum', 'Khách Sạn Cap Town', 'janelorrum@gmail.com', '202cb962ac59075b964b07152d234b70', 'AVEpyOfccyJyybwLWPt31MrNDr8faJTOJJKBKIalaQpqDhxWEJWCJmTg79PWMcx-7tic3fADObWfIT2D', '0', 'VIETCOMBANK - CHI NHANH 30/4, CAN THO', 'Duong Ho Du', 2147483647, 'Cap Town Hotel, Đường Lê Anh Xuân, Bến Thành, Sài Gòn, Việt Nam', 'image/2021-07-08 (2).png', 10.772061, 106.6952015),
(41, 'Amerigo Helwig', 'Serene River Villa', 'amerigohelwig@gmail.com', '202cb962ac59075b964b07152d234b70', 'AVEpyOfccyJyybwLWPt31MrNDr8faJTOJJKBKIalaQpqDhxWEJWCJmTg79PWMcx-7tic3fADObWfIT2D', '0', 'VIETCOMBANK - CHI NHANH 30/4, CAN THO', 'Duong Ho Du', 2147483647, 'Serene River Villa, Đường vào, Cẩm Thanh, Thành phố Hội An, Tỉnh Quảng Nam 563800, Việt Nam', 'image/2021-07-08 (2).png', 15.8868546, 108.3584476),
(42, 'Eric Tumelty', 'The Noble Swan & Spa', 'erictumelty@gmail.com', '202cb962ac59075b964b07152d234b70', 'AVEpyOfccyJyybwLWPt31MrNDr8faJTOJJKBKIalaQpqDhxWEJWCJmTg79PWMcx-7tic3fADObWfIT2D', '0', 'VIETCOMBANK - CHI NHANH 30/4, CAN THO', 'Duong Ho Du', 2147483647, 'Noble & Swan boutique hotel, 16, Phố Đường Thành, Phường Cửa Đông, Hà Nội, Việt Nam', 'image/2021-07-08 (2).png', 21.0326769, 105.8462814),
(43, 'Dion Baudet', 'Hanoi Emerald Waters & Spa', 'dionbaudet@gmail.com', '202cb962ac59075b964b07152d234b70', 'AVEpyOfccyJyybwLWPt31MrNDr8faJTOJJKBKIalaQpqDhxWEJWCJmTg79PWMcx-7tic3fADObWfIT2D', '0', 'VIETCOMBANK - CHI NHANH 30/4, CAN THO', 'Duong Ho Du', 2147483647, 'hanoi emerald waters & spa and spa, 20, Phố Hàng Mắm, Lý Thái Tổ, Hà Nội, 110904, Việt Nam', 'image/2021-07-08 (2).png', 21.0338913, 105.8545258),
(44, 'Sapphira Breeds', 'Golden Bee', 'sapphirabreeds@gmail.com', '202cb962ac59075b964b07152d234b70', 'AVEpyOfccyJyybwLWPt31MrNDr8faJTOJJKBKIalaQpqDhxWEJWCJmTg79PWMcx-7tic3fADObWfIT2D', '0', 'VIETCOMBANK - CHI NHANH 30/4, CAN THO', 'Duong Ho Du', 2147483647, 'Golden Bee Homestay, Ngô Sĩ Liên, Tân An, Thành phố Hội An, Tỉnh Quảng Nam, Việt Nam', '', 15.8888455, 108.3236643),
(45, 'Thibaud Little', 'Cozy Boutique', 'thibaudlittle@gmail.com', '202cb962ac59075b964b07152d234b70', 'AVEpyOfccyJyybwLWPt31MrNDr8faJTOJJKBKIalaQpqDhxWEJWCJmTg79PWMcx-7tic3fADObWfIT2D', '0', 'VIETCOMBANK - CHI NHANH 30/4, CAN THO', 'Duong Ho Du', 2147483647, 'S7 Cozy Boutique Hotel, 52, Lương Thế Vinh, Đà Lạt, Tỉnh Lâm Đồng, Việt Nam', 'image/2021-07-08 (2).png', 11.9319783, 108.4422217),
(46, 'Amitie Donnett', 'Nice Dream', 'amitiedonnett@gmail.com', '202cb962ac59075b964b07152d234b70', 'AVEpyOfccyJyybwLWPt31MrNDr8faJTOJJKBKIalaQpqDhxWEJWCJmTg79PWMcx-7tic3fADObWfIT2D', '0', 'VIETCOMBANK - CHI NHANH 30/4, CAN THO', 'Duong Ho Du', 1148403466, 'Nice Dream Hotel, Nguyễn Thị Minh Khai, Đà Lạt, Tỉnh Lâm Đồng, Việt Nam', 'image/2021-07-08 (2).png', 11.9419934, 108.4368668),
(47, 'Linet Morant', 'La Sapinette Đà Lạt', 'linetmorant@gmail.com', '202cb962ac59075b964b07152d234b70', 'AVEpyOfccyJyybwLWPt31MrNDr8faJTOJJKBKIalaQpqDhxWEJWCJmTg79PWMcx-7tic3fADObWfIT2D', '0', 'VIETCOMBANK - CHI NHANH 30/4, CAN THO', 'Duong Ho Du', 2147483647, 'La Sapinette Đà Lạt, Trần Quý Cáp, Đà Lạt, Tỉnh Lâm Đồng 610000, Việt Nam', 'image/2021-07-08 (2).png', 11.9485082, 108.4640216),
(48, 'Lyndsey Mauchline', 'Lan Anh Hotel', 'lyndseymauchline@gmail.com', '202cb962ac59075b964b07152d234b70', 'AVEpyOfccyJyybwLWPt31MrNDr8faJTOJJKBKIalaQpqDhxWEJWCJmTg79PWMcx-7tic3fADObWfIT2D', '0', 'VIETCOMBANK - CHI NHANH 30/4, CAN THO', 'Duong Ho Du', 2147483647, 'Lan Anh Hotel, 252, Đề Thám, Phường Phạm Ngũ Lão, Sài Gòn, Việt Nam', 'image/2021-07-08 (2).png', 10.7681847, 106.6937352),
(49, 'Piotr Lefwich', 'Đà Lạt Edensee Lake', 'piotrlefwich@gmail.com', '202cb962ac59075b964b07152d234b70', 'AVEpyOfccyJyybwLWPt31MrNDr8faJTOJJKBKIalaQpqDhxWEJWCJmTg79PWMcx-7tic3fADObWfIT2D', '0', 'VIETCOMBANK - CHI NHANH 30/4, CAN THO', 'Duong Ho Du', 2147483647, 'Dalat Edensee Lake Resort & Spa, Tuyền Lâm, Đà Lạt, Tỉnh Lâm Đồng, Việt Nam', 'image/2021-07-08 (2).png', 11.8856405, 108.4236024),
(50, 'Rachele Rymour', 'S Villa Hotel', 'rachelerymour@gmail.com', '202cb962ac59075b964b07152d234b70', 'AVEpyOfccyJyybwLWPt31MrNDr8faJTOJJKBKIalaQpqDhxWEJWCJmTg79PWMcx-7tic3fADObWfIT2D', '0', 'VIETCOMBANK - CHI NHANH 30/4, CAN THO', 'Duong Ho Du', 2147483647, 'S Villa, 120, Phố Mai Hắc Đế, Phường Bùi Thị Xuân, Hà Nội, Việt Nam', 'image/2021-07-08 (2).png', 21.010032, 105.8507414),
(51, 'Sharron Lankham', 'Novotel Phu Quoc', 'sharronlankham@gmail.com', '202cb962ac59075b964b07152d234b70', 'AVEpyOfccyJyybwLWPt31MrNDr8faJTOJJKBKIalaQpqDhxWEJWCJmTg79PWMcx-7tic3fADObWfIT2D', '0', 'VIETCOMBANK - CHI NHANH 30/4, CAN THO', 'Duong Ho Du', 2147483647, 'Novotel Phu Quoc Resort, Trần Hưng Đạo, Thành phố Phú Quốc, Kiên Giang 922210, Việt Nam', 'image/2021-07-08 (2).png', 10.1287774, 103.9804778),
(52, 'Ree Fawson', 'Mayfair Valley', 'reefawson@gmail.com', '202cb962ac59075b964b07152d234b70', 'AVEpyOfccyJyybwLWPt31MrNDr8faJTOJJKBKIalaQpqDhxWEJWCJmTg79PWMcx-7tic3fADObWfIT2D', '0', 'VIETCOMBANK - CHI NHANH 30/4, CAN THO', 'Duong Ho Du', 1537551973, 'Mayfair Valley Bungalows, Đường tỉnh 45, Thành phố Phú Quốc, Kiên Giang 922221, Việt Nam', 'image/2021-07-08 (2).png', 10.2610894, 103.9386966),
(53, 'Delila Marklow', 'InterContinental Phu Quoc Long Beach', 'delilamarklow@gmail.com', '202cb962ac59075b964b07152d234b70', 'AVEpyOfccyJyybwLWPt31MrNDr8faJTOJJKBKIalaQpqDhxWEJWCJmTg79PWMcx-7tic3fADObWfIT2D', '0', 'VIETCOMBANK - CHI NHANH 30/4, CAN THO', 'Duong Ho Du', 2147483647, 'InterContinental Phu Quoc Long Beach Resort, Trần Hưng Đạo, Thành phố Phú Quốc, Kiên Giang, Việt Nam', 'image/2021-07-08 (2).png', 10.1125834, 103.9833605),
(54, 'Berton Antosch', 'Chen Sea Resort & Spa Phu Quoc', 'bertonantosch@gmail.com', '202cb962ac59075b964b07152d234b70', 'AVEpyOfccyJyybwLWPt31MrNDr8faJTOJJKBKIalaQpqDhxWEJWCJmTg79PWMcx-7tic3fADObWfIT2D', '0', 'VIETCOMBANK - CHI NHANH 30/4, CAN THO', 'Duong Ho Du', 2147483647, 'Chen Sea Resort, Đường tỉnh 45, Thành phố Phú Quốc, Kiên Giang 922221, Việt Nam', 'image/2021-07-08 (2).png', 10.2509972, 103.9443771),
(55, 'Berton Robson', 'Thanh Kieu Beach', 'bertonrobson@gmail.com', '202cb962ac59075b964b07152d234b70', 'AVEpyOfccyJyybwLWPt31MrNDr8faJTOJJKBKIalaQpqDhxWEJWCJmTg79PWMcx-7tic3fADObWfIT2D', '0', 'VIETCOMBANK - CHI NHANH 30/4, CAN THO', 'Duong Ho Du', 2147483647, 'Thanh Kieu, Trần Hưng Đạo, Dương Đông, Thành phố Phú Quốc, Kiên Giang 922204, Việt Nam', 'image/2021-07-08 (2).png', 10.1969367, 103.9634221),
(56, 'Trudi Chislett', 'Hotel Sun And Sea Phu Quoc', 'trudichislett@gmail.com', '202cb962ac59075b964b07152d234b70', 'AVEpyOfccyJyybwLWPt31MrNDr8faJTOJJKBKIalaQpqDhxWEJWCJmTg79PWMcx-7tic3fADObWfIT2D', '0', 'VIETCOMBANK - CHI NHANH 30/4, CAN THO', 'Duong Ho Du', 2147483647, 'Sun & Sea, Trần Hưng Đạo, Thành phố Phú Quốc, Kiên Giang 922210, Việt Nam', 'image/2021-07-08 (2).png', 10.186863, 103.9688657),
(57, 'Hilton Cloughton', 'Lucky Phú Quốc', 'hiltoncloughton@gmail.com', '202cb962ac59075b964b07152d234b70', 'AVEpyOfccyJyybwLWPt31MrNDr8faJTOJJKBKIalaQpqDhxWEJWCJmTg79PWMcx-7tic3fADObWfIT2D', '0', 'VIETCOMBANK - CHI NHANH 30/4, CAN THO', 'Duong Ho Du', 2147483647, 'Lucky PhuQuoc Hotel, 127D, Trần Hưng Đạo, Dương Đông, Thành phố Phú Quốc, Kiên Giang 922204, Việt Nam', 'image/2021-07-08 (2).png', 10.198946, 103.9685821),
(58, 'Annabal Robic', 'Phú Quốc Eco Beach Resort', 'annabalrobic@gmail.com', '202cb962ac59075b964b07152d234b70', 'AVEpyOfccyJyybwLWPt31MrNDr8faJTOJJKBKIalaQpqDhxWEJWCJmTg79PWMcx-7tic3fADObWfIT2D', '0', 'VIETCOMBANK - CHI NHANH 30/4, CAN THO', 'Duong Ho Du', 2147483647, 'Phu Quoc Eco Beach Resort (Orig Resort), Đường tỉnh 45, Thành phố Phú Quốc, Kiên Giang 922221, Việt Nam', 'image/2021-07-08 (2).png', 10.266, 103.9291),
(59, 'Mylo Lukas', 'Terrace Resort', 'mylolukas@gmail.com', '202cb962ac59075b964b07152d234b70', 'AVEpyOfccyJyybwLWPt31MrNDr8faJTOJJKBKIalaQpqDhxWEJWCJmTg79PWMcx-7tic3fADObWfIT2D', '0', 'VIETCOMBANK - CHI NHANH 30/4, CAN THO', 'Duong Ho Du', 2147483647, 'Terrace Resort, Trần Hưng Đạo, Dương Đông, Thành phố Phú Quốc, Kiên Giang 922210, Việt Nam', 'image/2021-07-08 (2).png', 10.1944607, 103.9664642),
(60, 'Herold Orpyne', 'Imperial Vũng Tàu', 'heroldorpyne@gmail.com', '202cb962ac59075b964b07152d234b70', 'AVEpyOfccyJyybwLWPt31MrNDr8faJTOJJKBKIalaQpqDhxWEJWCJmTg79PWMcx-7tic3fADObWfIT2D', '0', 'VIETCOMBANK - CHI NHANH 30/4, CAN THO', 'Duong Ho Du', 1119516426, 'Imperial Hotel, 159-163, Thùy Vân, Phường Thắng Tam, Vũng Tàu, Tỉnh Bà Rịa-Vũng Tàu, Việt Nam', 'image/2021-07-08 (2).png', 10.3439802, 107.0948997),
(61, 'Di Raymond', 'Queen Garden', 'diraymond@gmail.com', '202cb962ac59075b964b07152d234b70', 'AVEpyOfccyJyybwLWPt31MrNDr8faJTOJJKBKIalaQpqDhxWEJWCJmTg79PWMcx-7tic3fADObWfIT2D', '0', 'VIETCOMBANK - CHI NHANH 30/4, CAN THO', 'Duong Ho Du', 2147483647, 'Queen, Đường 3 Tháng 2, Hải Châu, Đà Nẵng, 551300, Việt Nam', 'image/2021-07-08 (2).png', 16.0852477, 108.2196985),
(62, 'Rossy Joyner', 'Thien Thuy Motel', 'rossyjoyner@gmail.com', '202cb962ac59075b964b07152d234b70', 'AVEpyOfccyJyybwLWPt31MrNDr8faJTOJJKBKIalaQpqDhxWEJWCJmTg79PWMcx-7tic3fADObWfIT2D', '0', 'VIETCOMBANK - CHI NHANH 30/4, CAN THO', 'Duong Ho Du', 2147483647, 'Nhà Nghỉ Thiên Thuỷ Motel, Nguyễn Tất Thành, Phú Bài, Thị xã Hương Thuỷ, Thừa Thiên Huế, Việt Nam', 'image/2021-07-08 (2).png', 16.4085226, 107.6771219),
(63, 'Thomasa Bierman', 'Coral Hotel', 'thomasabierman@gmail.com', '202cb962ac59075b964b07152d234b70', 'AVEpyOfccyJyybwLWPt31MrNDr8faJTOJJKBKIalaQpqDhxWEJWCJmTg79PWMcx-7tic3fADObWfIT2D', '0', 'VIETCOMBANK - CHI NHANH 30/4, CAN THO', 'Duong Ho Du', 2147483647, 'KDL San Hô Xanh, Phường Thắng Tam, Vũng Tàu, Tỉnh Bà Rịa-Vũng Tàu, Việt Nam', 'image/2021-07-08 (2).png', 10.3387401, 107.0924552),
(64, 'Sena Blant', 'Thanh Binh Hotel', 'senablant@gmail.com', '202cb962ac59075b964b07152d234b70', 'AVEpyOfccyJyybwLWPt31MrNDr8faJTOJJKBKIalaQpqDhxWEJWCJmTg79PWMcx-7tic3fADObWfIT2D', '0', 'VIETCOMBANK - CHI NHANH 30/4, CAN THO', 'Duong Ho Du', 2147483647, 'Thanh Binh Hotel, 81, Phố Hàng Đào, Phường Hàng Đào, Hà Nội, 111000, Việt Nam', '', 21.0328004, 105.8514379),
(65, 'Kipp Saph', 'Full Moon Village', 'kippsaph@gmail.com', '202cb962ac59075b964b07152d234b70', 'AVEpyOfccyJyybwLWPt31MrNDr8faJTOJJKBKIalaQpqDhxWEJWCJmTg79PWMcx-7tic3fADObWfIT2D', '0', 'VIETCOMBANK - CHI NHANH 30/4, CAN THO', 'Duong Ho Du', 2147483647, 'Full Moon Village, Tỉnh lộ 706, Phan Thiết, Tỉnh Bình Thuận, Việt Nam', 'image/2021-07-08 (2).png', 10.9908029, 108.3433489),
(66, 'Christabella Zorn', 'Rang Garden Beach Side', 'christabellazorn@gmail.com', '202cb962ac59075b964b07152d234b70', 'AVEpyOfccyJyybwLWPt31MrNDr8faJTOJJKBKIalaQpqDhxWEJWCJmTg79PWMcx-7tic3fADObWfIT2D', '0', 'VIETCOMBANK - CHI NHANH 30/4, CAN THO', 'Duong Ho Du', 2147483647, 'Rang Garden Beach Side, 128 A, Nguyễn Đình Chiểu, Phan Thiết, Tỉnh Bình Thuận, Việt Nam', 'image/2021-07-08 (2).png', 10.9550696, 108.230369),
(67, 'Alicea Andreacci', 'Muine Bay', 'aliceaandreacci@gmail.com', '202cb962ac59075b964b07152d234b70', 'AVEpyOfccyJyybwLWPt31MrNDr8faJTOJJKBKIalaQpqDhxWEJWCJmTg79PWMcx-7tic3fADObWfIT2D', '0', 'VIETCOMBANK - CHI NHANH 30/4, CAN THO', 'Duong Ho Du', 2147483647, 'Muine Bay Resort, Hồ Xuân Hương, Phan Thiết, Tỉnh Bình Thuận, Việt Nam', 'image/2021-07-08 (2).png', 10.9214818, 108.2926606),
(68, 'Payton Tassaker', 'Delight', 'paytontassaker@gmail.com', '202cb962ac59075b964b07152d234b70', 'AVEpyOfccyJyybwLWPt31MrNDr8faJTOJJKBKIalaQpqDhxWEJWCJmTg79PWMcx-7tic3fADObWfIT2D', '0', 'VIETCOMBANK - CHI NHANH 30/4, CAN THO', 'Duong Ho Du', 2147483647, 'sweet delight, 219, Tôn Đức Thắng, Phan Thiết, Tỉnh Bình Thuận, Việt Nam', 'image/2021-07-08 (2).png', 10.9364133, 108.1112895),
(69, 'Henrik Hutchason', 'Green Organic Villas', 'henrikhutchason@gmail.com', '202cb962ac59075b964b07152d234b70', 'AVEpyOfccyJyybwLWPt31MrNDr8faJTOJJKBKIalaQpqDhxWEJWCJmTg79PWMcx-7tic3fADObWfIT2D', '0', 'VIETCOMBANK - CHI NHANH 30/4, CAN THO', 'Duong Ho Du', 2147483647, 'Green Organic Villas, Tỉnh lộ 719, Phan Thiết, Tỉnh Bình Thuận, Việt Nam', 'image/2021-07-08 (2).png', 10.7959512, 108.0260258),
(70, 'Raine McGrann', 'Lotus Village', 'rainemcgrann@gmail.com', '202cb962ac59075b964b07152d234b70', 'AVEpyOfccyJyybwLWPt31MrNDr8faJTOJJKBKIalaQpqDhxWEJWCJmTg79PWMcx-7tic3fADObWfIT2D', '0', 'VIETCOMBANK - CHI NHANH 30/4, CAN THO', 'Duong Ho Du', 2147483647, 'Lotus Village, Cái Sơn - Hàng Bàng, Thành phố Cần Thơ, Việt Nam', 'image/2021-07-08 (2).png', 10.0236822, 105.7381692),
(71, 'Demeter Studeart', 'The Cliff & Residences', 'demeterstudeart@gmail.com', '202cb962ac59075b964b07152d234b70', 'AVEpyOfccyJyybwLWPt31MrNDr8faJTOJJKBKIalaQpqDhxWEJWCJmTg79PWMcx-7tic3fADObWfIT2D', '0', 'VIETCOMBANK - CHI NHANH 30/4, CAN THO', 'Duong Ho Du', 2147483647, 'The cliff, Nguyễn Đình Chiểu, Phan Thiết, Tỉnh Bình Thuận, Việt Nam', 'image/2021-07-08 (2).png', 10.9376185, 108.1794041),
(72, 'Illa Hadlington', 'Hotel Nam Hai', 'illahadlington@gmail.com', '202cb962ac59075b964b07152d234b70', 'AVEpyOfccyJyybwLWPt31MrNDr8faJTOJJKBKIalaQpqDhxWEJWCJmTg79PWMcx-7tic3fADObWfIT2D', '0', 'VIETCOMBANK - CHI NHANH 30/4, CAN THO', 'Duong Ho Du', 2147483647, 'Hotel, Nguyễn Sinh Sắc, Thành phố Vinh, Tỉnh Nghệ An, Việt Nam', 'image/2021-07-08 (2).png', 18.6669669, 105.654891),
(73, 'Fidole Torald', 'Khách sạn Rock Water Bay', 'fidoletorald@gmail.com', '202cb962ac59075b964b07152d234b70', 'AVEpyOfccyJyybwLWPt31MrNDr8faJTOJJKBKIalaQpqDhxWEJWCJmTg79PWMcx-7tic3fADObWfIT2D', '0', 'VIETCOMBANK - CHI NHANH 30/4, CAN THO', 'Duong Ho Du', 2147483647, 'Rock Water Bay Beach Resort & Spa, Tỉnh lộ 719, Văn Kê, Tỉnh Bình Thuận, Việt Nam', 'image/2021-07-08 (2).png', 10.7354695, 108.0118375),
(74, 'Henryetta Vanichkov', 'Romana', 'henryettavanichkov@gmail.com', '202cb962ac59075b964b07152d234b70', 'AVEpyOfccyJyybwLWPt31MrNDr8faJTOJJKBKIalaQpqDhxWEJWCJmTg79PWMcx-7tic3fADObWfIT2D', '0', 'VIETCOMBANK - CHI NHANH 30/4, CAN THO', 'Duong Ho Du', 1222630630, 'Romana Resort & Spa, Nguyen Dinh Chieu St., Phan Thiết, Tỉnh Bình Thuận, Việt Nam', 'image/2021-07-08 (2).png', 10.9321728, 108.1624859),
(75, 'Vincents Pinnell', 'Resort Phú Hải', 'vincentspinnell@gmail.com', '202cb962ac59075b964b07152d234b70', 'AVEpyOfccyJyybwLWPt31MrNDr8faJTOJJKBKIalaQpqDhxWEJWCJmTg79PWMcx-7tic3fADObWfIT2D', '0', 'VIETCOMBANK - CHI NHANH 30/4, CAN THO', 'Duong Ho Du', 2147483647, 'Mai Phuong Beach Resort, Grand World Phú Quốc, Địa Trung Hải 3, Thành phố Phú Quốc, Kiên Giang, Việt Nam', 'image/2021-07-08 (2).png', 10.3058952, 103.8615584),
(76, 'Maybelle Raggatt', 'Allezboo Beach Resort & Spa', 'maybelleraggatt@gmail.com', '202cb962ac59075b964b07152d234b70', 'AVEpyOfccyJyybwLWPt31MrNDr8faJTOJJKBKIalaQpqDhxWEJWCJmTg79PWMcx-7tic3fADObWfIT2D', '0', 'VIETCOMBANK - CHI NHANH 30/4, CAN THO', 'Duong Ho Du', 2147483647, 'Allezboo Beach Resort & Spa, Nguyễn Đình Chiểu, Phan Thiết, Tỉnh Bình Thuận, Việt Nam', 'image/2021-07-08 (2).png', 10.9390758, 108.1898068),
(77, 'Lenee MacAskill', 'Vinpearl Resort Nha Trang', 'leneemacaskill@gmail.com', '202cb962ac59075b964b07152d234b70', 'AVEpyOfccyJyybwLWPt31MrNDr8faJTOJJKBKIalaQpqDhxWEJWCJmTg79PWMcx-7tic3fADObWfIT2D', '0', 'VIETCOMBANK - CHI NHANH 30/4, CAN THO', 'Duong Ho Du', 2147483647, 'Vinpearl Nha Trang Bay Resort & Villas, Trần Phú, Vĩnh Nguyên, Nha Trang, Khánh Hòa, Việt Nam', 'image/2021-07-08 (2).png', 12.2254449, 109.2369633),
(78, 'Zane Lambersen', 'Sheraton Nha Trang Hotel & Spa', 'zanelambersen@gmail.com', '202cb962ac59075b964b07152d234b70', 'AVEpyOfccyJyybwLWPt31MrNDr8faJTOJJKBKIalaQpqDhxWEJWCJmTg79PWMcx-7tic3fADObWfIT2D', '0', 'VIETCOMBANK - CHI NHANH 30/4, CAN THO', 'Duong Ho Du', 2147483647, 'Sheraton Nha Trang Hotel & Spa, 26-28, Trần Phú, Lộc Thọ, Nha Trang, Khánh Hòa, Việt Nam', 'image/2021-07-08 (2).png', 12.2462559, 109.1958797),
(79, 'Ervin McVrone', 'Hotel Pavillon Garden & Spa', 'ervinmcvrone@gmail.com', '202cb962ac59075b964b07152d234b70', 'AVEpyOfccyJyybwLWPt31MrNDr8faJTOJJKBKIalaQpqDhxWEJWCJmTg79PWMcx-7tic3fADObWfIT2D', '0', 'VIETCOMBANK - CHI NHANH 30/4, CAN THO', 'Duong Ho Du', 2147483647, 'Le Pavillon Hoi An Luxury Resort & Spa, 145B, Jasmine Homestay, Cẩm Châu, Thành phố Hội An, Tỉnh Quảng Nam 560000, Việt Nam', 'image/2021-07-08 (2).png', 15.8791498, 108.3462047),
(80, 'Karlens Dary', 'Khách sạn Asia Paradise', 'karlensdary@gmail.com', '202cb962ac59075b964b07152d234b70', 'AVEpyOfccyJyybwLWPt31MrNDr8faJTOJJKBKIalaQpqDhxWEJWCJmTg79PWMcx-7tic3fADObWfIT2D', '0', 'VIETCOMBANK - CHI NHANH 30/4, CAN THO', 'Duong Ho Du', 1444120364, 'Asia Paradise, 06, Hùng Vương, Tân Lập, Nha Trang, Khánh Hòa, Việt Nam', 'image/2021-07-08 (2).png', 12.2358365, 109.1956151),
(81, 'Matthew Frostdyke', 'La Paloma Villa', 'matthewfrostdyke@gmail.com', '202cb962ac59075b964b07152d234b70', 'AVEpyOfccyJyybwLWPt31MrNDr8faJTOJJKBKIalaQpqDhxWEJWCJmTg79PWMcx-7tic3fADObWfIT2D', '0', 'VIETCOMBANK - CHI NHANH 30/4, CAN THO', 'Duong Ho Du', 2147483647, 'La Paloma, Đường tỉnh 45, Thành phố Phú Quốc, Kiên Giang 922221, Việt Nam', 'image/2021-07-08 (2).png', 10.2566298, 103.9540471),
(82, 'Dedie Aston', 'Sun City Nha Trang', 'dedieaston@gmail.com', '202cb962ac59075b964b07152d234b70', 'AVEpyOfccyJyybwLWPt31MrNDr8faJTOJJKBKIalaQpqDhxWEJWCJmTg79PWMcx-7tic3fADObWfIT2D', '0', 'VIETCOMBANK - CHI NHANH 30/4, CAN THO', 'Duong Ho Du', 2147483647, 'SUN CITY, 4, Tôn Đàn, Tân Lập, Nha Trang, Khánh Hòa, Việt Nam', 'image/2021-07-08 (2).png', 12.2377368, 109.1961682),
(83, 'Somerset Gerram', 'Hotel Holiday Sapa', 'somersetgerram@gmail.com', '202cb962ac59075b964b07152d234b70', 'AVEpyOfccyJyybwLWPt31MrNDr8faJTOJJKBKIalaQpqDhxWEJWCJmTg79PWMcx-7tic3fADObWfIT2D', '0', 'VIETCOMBANK - CHI NHANH 30/4, CAN THO', 'Duong Ho Du', 2036901122, 'Holiday Sapa Hotel, Cầu Mây, Sa Pa, Tỉnh Lào Cai 333320, Việt Nam', 'image/2021-07-08 (2).png', 22.3326774, 103.8435031),
(84, 'Torr Kohnemann', 'Hotel Fansipan View', 'torrkohnemann@gmail.com', '202cb962ac59075b964b07152d234b70', 'AVEpyOfccyJyybwLWPt31MrNDr8faJTOJJKBKIalaQpqDhxWEJWCJmTg79PWMcx-7tic3fADObWfIT2D', '0', 'VIETCOMBANK - CHI NHANH 30/4, CAN THO', 'Duong Ho Du', 2147483647, 'Fansipan View, Đường Điện Biên Phủ - Quốc lộ 4D, Phan Si Păng, Tỉnh Lào Cai 190000, Việt Nam', 'image/2021-07-08 (2).png', 22.3372465, 103.8240277),
(85, 'Loy Topling', 'Hotel Bamboo Sapa', 'loytopling@gmail.com', '202cb962ac59075b964b07152d234b70', 'AVEpyOfccyJyybwLWPt31MrNDr8faJTOJJKBKIalaQpqDhxWEJWCJmTg79PWMcx-7tic3fADObWfIT2D', '0', 'VIETCOMBANK - CHI NHANH 30/4, CAN THO', 'Duong Ho Du', 2147483647, 'Bamboo Sapa Hotel, Mường Hoa, Sa Pa, Tỉnh Lào Cai 333100, Việt Nam', 'image/2021-07-08 (2).png', 22.332094, 103.8439754),
(86, 'Helga Baudone', 'Hotel Thai Binh Sapa', 'helgabaudone@gmail.com', '202cb962ac59075b964b07152d234b70', 'AVEpyOfccyJyybwLWPt31MrNDr8faJTOJJKBKIalaQpqDhxWEJWCJmTg79PWMcx-7tic3fADObWfIT2D', '0', 'VIETCOMBANK - CHI NHANH 30/4, CAN THO', 'Duong Ho Du', 2147483647, 'Thái Bình Hotel, Hàm Rồng, Sa Pa, Tỉnh Lào Cai 190000, Việt Nam', 'image/2021-07-08 (2).png', 22.3350055, 103.8434094),
(87, 'Ernesta Liddall', 'Hotel Boutique Sapa', 'ernestaliddall@gmail.com', '202cb962ac59075b964b07152d234b70', 'AVEpyOfccyJyybwLWPt31MrNDr8faJTOJJKBKIalaQpqDhxWEJWCJmTg79PWMcx-7tic3fADObWfIT2D', '0', 'VIETCOMBANK - CHI NHANH 30/4, CAN THO', 'Duong Ho Du', 1858723256, 'Eden boutique hotel, Phố Thác Bạc, Sa Pa, Tỉnh Lào Cai 333320, Việt Nam', 'image/2021-07-08 (2).png', 22.3358238, 103.8391662),
(88, 'Dollie Mowne', 'Hotel Sapa Paradise View', 'dolliemowne@gmail.com', '202cb962ac59075b964b07152d234b70', 'AVEpyOfccyJyybwLWPt31MrNDr8faJTOJJKBKIalaQpqDhxWEJWCJmTg79PWMcx-7tic3fADObWfIT2D', '0', 'VIETCOMBANK - CHI NHANH 30/4, CAN THO', 'Duong Ho Du', 2147483647, 'Sapa Paradise View Restaurant, Phạm Xuân Huân, Sa Pa, Tỉnh Lào Cai 333320, Việt Nam', 'image/2021-07-08 (2).png', 22.3342585, 103.8422892),
(89, 'Rory Leatham', 'Amazing Sapa', 'roryleatham@gmail.com', '202cb962ac59075b964b07152d234b70', 'AVEpyOfccyJyybwLWPt31MrNDr8faJTOJJKBKIalaQpqDhxWEJWCJmTg79PWMcx-7tic3fADObWfIT2D', '0', 'VIETCOMBANK - CHI NHANH 30/4, CAN THO', 'Duong Ho Du', 2147483647, 'Amazing Hotel Sapa, Phố Đồng Lợi, Sa Pa, Tỉnh Lào Cai 333320, Việt Nam', 'image/2021-07-08 (2).png', 22.332812, 103.8422068),
(90, 'Corry Ruprich', 'Richico Apartments ', 'corryruprich@gmail.com', '202cb962ac59075b964b07152d234b70', 'AVEpyOfccyJyybwLWPt31MrNDr8faJTOJJKBKIalaQpqDhxWEJWCJmTg79PWMcx-7tic3fADObWfIT2D', '0', 'VIETCOMBANK - CHI NHANH 30/4, CAN THO', 'Duong Ho Du', 2147483647, 'Richico Apartments & Hotel, Đường Nguyễn Văn Thoại, Ngũ Hành Sơn, Đà Nẵng, Việt Nam', 'image/2021-07-08 (2).png', 16.0557375, 108.2453599),
(91, 'Ellis Dettmar', 'Halina & Apartment', 'ellisdettmar@gmail.com', '202cb962ac59075b964b07152d234b70', 'AVEpyOfccyJyybwLWPt31MrNDr8faJTOJJKBKIalaQpqDhxWEJWCJmTg79PWMcx-7tic3fADObWfIT2D', '0', 'VIETCOMBANK - CHI NHANH 30/4, CAN THO', 'Duong Ho Du', 2147483647, 'Halina Hotel & Apartment, Đường Trần Bạch Đằng, Ngũ Hành Sơn, Đà Nẵng, Việt Nam', 'image/2021-07-08 (2).png', 16.0537296, 108.2463817),
(92, 'Bondy Ickowicz', 'Hotel Grand Sunrise', 'bondyickowicz@gmail.com', '202cb962ac59075b964b07152d234b70', 'AVEpyOfccyJyybwLWPt31MrNDr8faJTOJJKBKIalaQpqDhxWEJWCJmTg79PWMcx-7tic3fADObWfIT2D', '0', 'VIETCOMBANK - CHI NHANH 30/4, CAN THO', 'Duong Ho Du', 2147483647, 'Sunrise, Đường Phạm Văn Đồng, Sơn Trà, Đà Nẵng, 550000, Việt Nam', 'image/2021-07-08 (2).png', 16.0706531, 108.2359302),
(93, 'Felice Bearsmore', 'Star Đà Nẵng', 'felicebearsmore@gmail.com', '202cb962ac59075b964b07152d234b70', 'AVEpyOfccyJyybwLWPt31MrNDr8faJTOJJKBKIalaQpqDhxWEJWCJmTg79PWMcx-7tic3fADObWfIT2D', '0', 'VIETCOMBANK - CHI NHANH 30/4, CAN THO', 'Duong Ho Du', 2071275909, 'One Star, Đường Phạm Phú Thứ, Hải Châu, Đà Nẵng, Việt Nam', 'image/2021-07-08 (2).png', 16.0672593, 108.2243807),
(94, 'Ulric Teague', 'Mu Cang Chai Resort', 'ulricteague@gmail.com', '202cb962ac59075b964b07152d234b70', 'AVEpyOfccyJyybwLWPt31MrNDr8faJTOJJKBKIalaQpqDhxWEJWCJmTg79PWMcx-7tic3fADObWfIT2D', '0', 'VIETCOMBANK - CHI NHANH 30/4, CAN THO', 'Duong Ho Du', 2147483647, 'Mu Cang Chai Resort, Quốc lộ 32, Tỉnh Yên Bái, Việt Nam', 'image/2021-07-08 (2).png', 21.8055466, 104.1450403),
(95, 'Harriett Estrella', 'Hoang Minh Hotel', 'harriettestrella@gmail.com', '202cb962ac59075b964b07152d234b70', 'AVEpyOfccyJyybwLWPt31MrNDr8faJTOJJKBKIalaQpqDhxWEJWCJmTg79PWMcx-7tic3fADObWfIT2D', '0', 'VIETCOMBANK - CHI NHANH 30/4, CAN THO', 'Duong Ho Du', 2147483647, 'hoang minh, 424, Quốc lộ 22, Huyện Củ Chi, Sài Gòn, Việt Nam', 'image/2021-07-08 (2).png', 10.9434195, 106.5319508),
(96, 'Meggi Wyllcocks', 'Kim Ngan Hotel', 'meggiwyllcocks@gmail.com', '202cb962ac59075b964b07152d234b70', 'AVEpyOfccyJyybwLWPt31MrNDr8faJTOJJKBKIalaQpqDhxWEJWCJmTg79PWMcx-7tic3fADObWfIT2D', '0', 'VIETCOMBANK - CHI NHANH 30/4, CAN THO', 'Duong Ho Du', 2147483647, 'Khách sạn Kim Ngân, 243, Lê Hồng Phong, Phường 8, Vũng Tàu, Tỉnh Bà Rịa-Vũng Tàu, Việt Nam', 'image/2021-07-08 (2).png', 10.3499544, 107.0917),
(97, 'Hendrika Wykes', 'Lua Hong Hotel', 'hendrikawykes@gmail.com', '202cb962ac59075b964b07152d234b70', 'AVEpyOfccyJyybwLWPt31MrNDr8faJTOJJKBKIalaQpqDhxWEJWCJmTg79PWMcx-7tic3fADObWfIT2D', '0', 'VIETCOMBANK - CHI NHANH 30/4, CAN THO', 'Duong Ho Du', 1692732954, 'Lửa Hồng, Phan Văn Trị, Phường Thắng Tam, Vũng Tàu, Tỉnh Bà Rịa-Vũng Tàu, Việt Nam', 'image/2021-07-08 (2).png', 10.3369767, 107.090718),
(98, 'Janeczka Haburne', 'InterContinental Saigon', 'janeczkahaburne@gmail.com', '202cb962ac59075b964b07152d234b70', 'AVEpyOfccyJyybwLWPt31MrNDr8faJTOJJKBKIalaQpqDhxWEJWCJmTg79PWMcx-7tic3fADObWfIT2D', '0', 'VIETCOMBANK - CHI NHANH 30/4, CAN THO', 'Duong Ho Du', 2147483647, 'InterContinental, Hai Bà Trưng, Bến Nghé, Sài Gòn, Việt Nam', 'image/2021-07-08 (2).png', 10.780992, 106.7005481),
(99, 'Barney Musgrave', 'Đình Phát', 'barneymusgrave@gmail.com', '202cb962ac59075b964b07152d234b70', 'AVEpyOfccyJyybwLWPt31MrNDr8faJTOJJKBKIalaQpqDhxWEJWCJmTg79PWMcx-7tic3fADObWfIT2D', '0', 'VIETCOMBANK - CHI NHANH 30/4, CAN THO', 'Duong Ho Du', 2147483647, 'Đình Phát, Calmette, Phường Nguyễn Thái Bình, Sài Gòn, Việt Nam', 'image/2021-07-08 (2).png', 10.7689058, 106.6982523),
(100, 'Goddart Ottley', 'Green Star', 'goddartottley@gmail.com', '202cb962ac59075b964b07152d234b70', 'AVEpyOfccyJyybwLWPt31MrNDr8faJTOJJKBKIalaQpqDhxWEJWCJmTg79PWMcx-7tic3fADObWfIT2D', '0', 'VIETCOMBANK - CHI NHANH 30/4, CAN THO', 'Duong Ho Du', 2147483647, 'Green Star, Hẻm 72 Phạm Ngọc Thạch, Phường Võ Thị Sáu, Sài Gòn, 100081, Việt Nam', 'image/2021-07-08 (2).png', 10.7864943, 106.6919976),
(101, 'Gerrie Fishpond', 'Royal Hotel Saigon', 'gerriefishpond@gmail.com', '202cb962ac59075b964b07152d234b70', 'AVEpyOfccyJyybwLWPt31MrNDr8faJTOJJKBKIalaQpqDhxWEJWCJmTg79PWMcx-7tic3fADObWfIT2D', '0', 'VIETCOMBANK - CHI NHANH 30/4, CAN THO', 'Duong Ho Du', 2147483647, 'Royal Hotel Saigon, Nguyễn Huệ, Bến Nghé, Sài Gòn, Việt Nam', 'image/2021-07-08 (2).png', 10.7744511, 106.7024299),
(104, 'Hồ Thị Ngọc Bích', 'Thiên Hải Sơn Hotel', 'haison@gmail.com', '0f5490235bc7de96e209a79b62766524', '', '', '', '', 356620426, 'KS Thiên Hải Sơn, Hẻm 95, Thành phố Cần Thơ, Việt Nam', '', 10.0313515, 105.7749199),
(105, 'Dương Hồ Dũ', 'Rex Hotel - Chi nhánh 2', 'rexhotel@gmail.com', '202cb962ac59075b964b07152d234b70', '', '', '', '', 365944451, 'KS Thiên Hải Sơn, Hẻm 95, Thành phố Cần Thơ, Việt Nam', '', 10.0313497, 105.774879);

-- --------------------------------------------------------

--
-- Table structure for table `member`
--

CREATE TABLE `member` (
  `id_mem` int(11) NOT NULL,
  `username` varchar(50) NOT NULL,
  `password` varchar(32) NOT NULL,
  `fullname` varchar(50) NOT NULL,
  `phone` varchar(10) NOT NULL,
  `address` varchar(200) NOT NULL,
  `latitude` double NOT NULL,
  `longtitude` double NOT NULL
) ENGINE=InnoDB DEFAULT CHARSET=utf8mb4;

--
-- Dumping data for table `member`
--

INSERT INTO `member` (`id_mem`, `username`, `password`, `fullname`, `phone`, `address`, `latitude`, `longtitude`) VALUES
(0, 'Other', '', 'Other', '', '#############', 0, 0),
(1, 'admin', '21232f297a57a5a743894a0e4a801fc3', 'admin', '', '', 0, 0),
(2, 'duduong', '202cb962ac59075b964b07152d234b70', 'Dương Hồ Dũ', '0365944451', 'Trung Tâm Học Liệu, đương vào TTHL ĐHCt, Quận Ninh Kiều, Thành phố Cần Thơ, Việt Nam', 10.0302584, 105.77129629999999),
(3, 'letram', '202cb962ac59075b964b07152d234b70', 'Nguyễn Thị Lệ Trâm', '', 'Hẻm 95, Thành phố Cần Thơ, Việt Nam', 10.0313312, 105.7748852),
(4, 'bichho', '202cb962ac59075b964b07152d234b70', 'Hồ Thị Ngọc Bích', '0356620426', 'KS Thiên Hải Sơn, Hẻm 95, Thành phố Cần Thơ, Việt Nam', 10.0312837, 105.7748904);

-- --------------------------------------------------------

--
-- Table structure for table `proposal`
--

CREATE TABLE `proposal` (
  `id_proposal` int(11) NOT NULL,
  `fullname` varchar(50) NOT NULL,
  `company` varchar(100) NOT NULL,
  `email` varchar(50) NOT NULL,
  `phone` int(10) NOT NULL,
  `address` varchar(100) NOT NULL,
  `state` varchar(10) NOT NULL,
  `latitude` double NOT NULL,
  `longtitude` double NOT NULL
) ENGINE=InnoDB DEFAULT CHARSET=utf8mb4;

--
-- Dumping data for table `proposal`
--

INSERT INTO `proposal` (`id_proposal`, `fullname`, `company`, `email`, `phone`, `address`, `state`, `latitude`, `longtitude`) VALUES
(52, 'Hồ Thị Mỹ Huyền', 'Ninh Kiều 2 Hotel', 'ninhkieu@gmail.com', 365944451, 'Ninh Kiều 2, Hòa Bình, Thành phố Cần Thơ, 102000, Việt Nam', 'new', 10.0348625, 105.7862305);

-- --------------------------------------------------------

--
-- Table structure for table `rooms`
--

CREATE TABLE `rooms` (
  `id_room` int(11) NOT NULL,
  `id_host` int(11) NOT NULL,
  `convenients_room` varchar(200) NOT NULL,
  `name_room` varchar(100) NOT NULL,
  `type_room` int(11) NOT NULL,
  `capacity_room` int(11) NOT NULL,
  `price_room` int(11) NOT NULL,
  `images_room` varchar(1000) NOT NULL
) ENGINE=InnoDB DEFAULT CHARSET=utf8mb4;

--
-- Dumping data for table `rooms`
--

INSERT INTO `rooms` (`id_room`, `id_host`, `convenients_room`, `name_room`, `type_room`, `capacity_room`, `price_room`, `images_room`) VALUES
(1, 1, '59;57;56;55;54;51;50;49;45;35;34;52;', '101', 1, 2, 1500000, 'imageRoom/293971602.jpeg;imageRoom/355323752.jpeg;imageRoom/293971602.jpeg;imageRoom/433912580.jpeg;imageRoom/433912544.jpeg;imageRoom/571523616.jpeg;imageRoom/569959972.jpeg;'),
(2, 1, '59;57;56;54;51;50;49;48;47;46;45;35;34;', '102', 2, 4, 2500000, 'imageRoom/438547516.jpeg;imageRoom/433912564.jpeg;imageRoom/433912580.jpeg;'),
(4, 1, '59;57;56;55;54;51;50;49;45;35;34;', '103', 1, 2, 1300000, 'imageRoom/438547516.jpeg;imageRoom/433912544.jpeg;imageRoom/502663076.jpeg;'),
(5, 1, '59;57;56;55;54;51;50;49;48;47;46;45;35;34;', '104', 2, 4, 2000000, 'imageRoom/433912580.jpeg;imageRoom/438547516.jpeg;imageRoom/569959990.jpeg;imageRoom/569960014.jpeg;imageRoom/569959972.jpeg;'),
(6, 1, '59;57;56;54;51;50;49;48;47;46;45;35;34;', '105', 3, 8, 3800000, 'imageRoom/433912580.jpeg;imageRoom/433912576.jpeg;imageRoom/372997658.jpeg;imageRoom/355323752.jpeg;imageRoom/495696492.jpeg;'),
(7, 1, '59;58;57;56;54;51;50;49;47;45;35;34;', '201', 1, 2, 1500000, 'imageRoom/438547516.jpeg;imageRoom/433912564.jpeg;imageRoom/433912576.jpeg;'),
(8, 1, '59;58;57;56;55;54;51;50;49;47;45;35;34;', '202', 1, 2, 2000000, 'imageRoom/569959990.jpeg;imageRoom/569959972.jpeg;imageRoom/569959956.jpeg;'),
(9, 1, '59;58;57;56;54;53;51;50;49;47;46;45;35;34;', '203', 2, 4, 3000000, 'imageRoom/569959976.jpeg;imageRoom/569959990.jpeg;imageRoom/569960014.jpeg;imageRoom/719868920.jpeg;'),
(10, 1, '59;58;57;56;54;53;51;50;49;47;45;35;34;', '204', 2, 4, 3000000, 'imageRoom/569960014.jpeg;imageRoom/571523616.jpeg;imageRoom/719868922.jpeg;imageRoom/763614148.jpeg;'),
(11, 2, '59;57;56;54;51;50;49;48;47;46;45;35;34;', '101', 1, 2, 1700000, ''),
(12, 2, '59;57;56;54;51;50;49;48;47;46;45;35;34;', '102', 3, 6, 2100000, ''),
(13, 2, '59;57;56;54;51;50;49;48;47;46;45;35;34;', '103', 2, 4, 1900000, ''),
(14, 2, '59;57;56;54;51;50;49;48;47;46;45;35;34;', '104', 1, 2, 1700000, ''),
(15, 2, '59;57;56;54;51;50;49;48;47;46;45;35;34;', '105', 2, 4, 1900000, ''),
(16, 2, '59;57;56;54;51;50;49;48;47;46;45;35;34;', '201', 1, 2, 2200000, ''),
(17, 2, '59;57;56;54;51;50;49;48;47;46;45;35;34;', '202', 1, 2, 2200000, ''),
(18, 2, '59;57;56;54;51;50;49;48;47;46;45;35;34;', '203', 4, 8, 2800000, ''),
(19, 2, '59;57;56;54;51;50;49;48;47;46;45;35;34;', '204', 4, 8, 2800000, ''),
(20, 2, '59;57;56;54;51;50;49;48;47;46;45;35;34;', '205', 2, 4, 2400000, ''),
(21, 2, '59;57;56;54;51;50;49;48;47;46;45;35;34;', '301', 1, 2, 2700000, ''),
(22, 2, '59;57;56;54;51;50;49;48;47;46;45;35;34;', '302', 3, 6, 3100000, ''),
(23, 2, '59;57;56;54;51;50;49;48;47;46;45;35;34;', '303', 2, 4, 2900000, ''),
(24, 2, '59;57;56;54;51;50;49;48;47;46;45;35;34;', '304', 3, 6, 3100000, ''),
(25, 2, '59;57;56;54;51;50;49;48;47;46;45;35;34;', '305', 1, 2, 2700000, ''),
(26, 3, '59;58;57;56;54;51;50;49;48;47;46;45;35;34;', '101', 3, 6, 2900000, ''),
(27, 3, '59;58;57;56;54;51;50;49;48;47;46;45;35;34;', '102', 1, 2, 2300000, ''),
(28, 3, '59;58;57;56;54;51;50;49;48;47;46;45;35;34;', '103', 3, 6, 2900000, ''),
(29, 3, '59;58;57;56;54;51;50;49;48;47;46;45;35;34;', '104', 3, 6, 2900000, ''),
(30, 3, '59;58;57;56;54;51;50;49;48;47;46;45;35;34;', '105', 2, 4, 2600000, ''),
(31, 3, '59;58;57;56;54;51;50;49;48;47;46;45;35;34;', '201', 3, 6, 3400000, ''),
(32, 3, '59;58;57;56;54;51;50;49;48;47;46;45;35;34;', '202', 3, 6, 3400000, ''),
(33, 3, '59;58;57;56;54;51;50;49;48;47;46;45;35;34;', '203', 1, 2, 2800000, ''),
(34, 3, '59;58;57;56;54;51;50;49;48;47;46;45;35;34;', '204', 1, 2, 2800000, ''),
(35, 3, '59;58;57;56;54;51;50;49;48;47;46;45;35;34;', '205', 1, 2, 2800000, ''),
(36, 3, '59;58;57;56;54;51;50;49;48;47;46;45;35;34;', '301', 4, 8, 4200000, ''),
(37, 3, '59;58;57;56;54;51;50;49;48;47;46;45;35;34;', '302', 2, 4, 3600000, ''),
(38, 3, '59;58;57;56;54;51;50;49;48;47;46;45;35;34;', '303', 1, 2, 3300000, ''),
(39, 3, '59;58;57;56;54;51;50;49;48;47;46;45;35;34;', '304', 4, 8, 4200000, ''),
(40, 3, '59;58;57;56;54;51;50;49;48;47;46;45;35;34;', '305', 3, 6, 3900000, ''),
(41, 3, '59;58;57;56;54;51;50;49;48;47;46;45;35;34;', '401', 3, 6, 4400000, ''),
(42, 3, '59;58;57;56;54;51;50;49;48;47;46;45;35;34;', '402', 1, 2, 3800000, ''),
(43, 3, '59;58;57;56;54;51;50;49;48;47;46;45;35;34;', '403', 3, 6, 4400000, ''),
(44, 3, '59;58;57;56;54;51;50;49;48;47;46;45;35;34;', '404', 1, 2, 3800000, ''),
(45, 3, '59;58;57;56;54;51;50;49;48;47;46;45;35;34;', '405', 3, 6, 4400000, ''),
(46, 4, '59;58;56;54;51;50;49;48;47;46;45;35;34;', '101', 4, 8, 1500000, ''),
(47, 4, '59;58;56;54;51;50;49;48;47;46;45;35;34;', '102', 1, 2, 1200000, ''),
(48, 4, '59;58;56;54;51;50;49;48;47;46;45;35;34;', '103', 1, 2, 1200000, ''),
(49, 4, '59;58;56;54;51;50;49;48;47;46;45;35;34;', '104', 1, 2, 1200000, ''),
(50, 4, '59;58;56;54;51;50;49;48;47;46;45;35;34;', '201', 2, 4, 1600000, ''),
(51, 4, '59;58;56;54;51;50;49;48;47;46;45;35;34;', '202', 1, 2, 1500000, ''),
(52, 4, '59;58;56;54;51;50;49;48;47;46;45;35;34;', '203', 1, 2, 1500000, ''),
(53, 4, '59;58;56;54;51;50;49;48;47;46;45;35;34;', '204', 2, 4, 1600000, ''),
(54, 4, '59;58;56;54;51;50;49;48;47;46;45;35;34;', '301', 4, 8, 2100000, ''),
(55, 4, '59;58;56;54;51;50;49;48;47;46;45;35;34;', '302', 4, 8, 2100000, ''),
(56, 4, '59;58;56;54;51;50;49;48;47;46;45;35;34;', '303', 1, 2, 1800000, ''),
(57, 4, '59;58;56;54;51;50;49;48;47;46;45;35;34;', '304', 3, 6, 2000000, ''),
(58, 4, '59;58;56;54;51;50;49;48;47;46;45;35;34;', '401', 1, 2, 2100000, ''),
(59, 4, '59;58;56;54;51;50;49;48;47;46;45;35;34;', '402', 4, 8, 2400000, ''),
(60, 4, '59;58;56;54;51;50;49;48;47;46;45;35;34;', '403', 4, 8, 2400000, ''),
(61, 4, '59;58;56;54;51;50;49;48;47;46;45;35;34;', '404', 1, 2, 2100000, ''),
(62, 5, '59;58;56;55;54;51;50;49;48;47;46;45;35;34;', '101', 1, 2, 1350000, ''),
(63, 5, '59;58;56;55;54;51;50;49;48;47;46;45;35;34;', '102', 1, 2, 1350000, ''),
(64, 5, '59;58;56;55;54;51;50;49;48;47;46;45;35;34;', '103', 1, 2, 1350000, ''),
(65, 5, '59;58;56;55;54;51;50;49;48;47;46;45;35;34;', '104', 1, 2, 1350000, ''),
(66, 5, '59;58;56;55;54;51;50;49;48;47;46;45;35;34;', '201', 4, 8, 2100000, ''),
(67, 5, '59;58;56;55;54;51;50;49;48;47;46;45;35;34;', '202', 1, 2, 1650000, ''),
(68, 5, '59;58;56;55;54;51;50;49;48;47;46;45;35;34;', '203', 4, 8, 2100000, ''),
(69, 5, '59;58;56;55;54;51;50;49;48;47;46;45;35;34;', '204', 3, 6, 1950000, ''),
(70, 5, '59;58;56;55;54;51;50;49;48;47;46;45;35;34;', '301', 2, 4, 2100000, ''),
(71, 5, '59;58;56;55;54;51;50;49;48;47;46;45;35;34;', '302', 4, 8, 2400000, ''),
(72, 5, '59;58;56;55;54;51;50;49;48;47;46;45;35;34;', '303', 4, 8, 2400000, ''),
(73, 5, '59;58;56;55;54;51;50;49;48;47;46;45;35;34;', '304', 1, 2, 1950000, ''),
(74, 6, '59;58;56;54;51;50;49;48;47;46;45;35;34;', '101', 1, 2, 1600000, ''),
(75, 6, '59;58;56;54;51;50;49;48;47;46;45;35;34;', '102', 3, 6, 2000000, ''),
(76, 6, '59;58;56;54;51;50;49;48;47;46;45;35;34;', '103', 1, 2, 1600000, ''),
(77, 6, '59;58;56;54;51;50;49;48;47;46;45;35;34;', '104', 3, 6, 2000000, ''),
(78, 6, '59;58;56;54;51;50;49;48;47;46;45;35;34;', '201', 3, 6, 2400000, ''),
(79, 6, '59;58;56;54;51;50;49;48;47;46;45;35;34;', '202', 3, 6, 2400000, ''),
(80, 6, '59;58;56;54;51;50;49;48;47;46;45;35;34;', '203', 2, 4, 2200000, ''),
(81, 6, '59;58;56;54;51;50;49;48;47;46;45;35;34;', '204', 1, 2, 2000000, ''),
(82, 6, '59;58;56;54;51;50;49;48;47;46;45;35;34;', '301', 2, 4, 2600000, ''),
(83, 6, '59;58;56;54;51;50;49;48;47;46;45;35;34;', '302', 4, 8, 3000000, ''),
(84, 6, '59;58;56;54;51;50;49;48;47;46;45;35;34;', '303', 2, 4, 2600000, ''),
(85, 6, '59;58;56;54;51;50;49;48;47;46;45;35;34;', '304', 1, 2, 2400000, ''),
(86, 6, '59;58;56;54;51;50;49;48;47;46;45;35;34;', '401', 4, 8, 3400000, ''),
(87, 6, '59;58;56;54;51;50;49;48;47;46;45;35;34;', '402', 2, 4, 3000000, ''),
(88, 6, '59;58;56;54;51;50;49;48;47;46;45;35;34;', '403', 1, 2, 2800000, ''),
(89, 6, '59;58;56;54;51;50;49;48;47;46;45;35;34;', '404', 3, 6, 3200000, ''),
(90, 6, '59;58;56;54;51;50;49;48;47;46;45;35;34;', '501', 2, 4, 3400000, ''),
(91, 6, '59;58;56;54;51;50;49;48;47;46;45;35;34;', '502', 2, 4, 3400000, ''),
(92, 6, '59;58;56;54;51;50;49;48;47;46;45;35;34;', '503', 4, 8, 3800000, ''),
(93, 6, '59;58;56;54;51;50;49;48;47;46;45;35;34;', '504', 2, 4, 3400000, ''),
(94, 7, '59;58;56;54;51;50;49;48;47;46;45;35;34;', '101', 2, 4, 950000, ''),
(95, 7, '59;58;56;54;51;50;49;48;47;46;45;35;34;', '102', 1, 2, 750000, ''),
(96, 7, '59;58;56;54;51;50;49;48;47;46;45;35;34;', '103', 1, 2, 750000, ''),
(97, 7, '59;58;56;54;51;50;49;48;47;46;45;35;34;', '104', 3, 6, 1150000, ''),
(98, 7, '59;58;56;54;51;50;49;48;47;46;45;35;34;', '201', 3, 6, 1200000, ''),
(99, 7, '59;58;56;54;51;50;49;48;47;46;45;35;34;', '202', 3, 6, 1200000, ''),
(100, 7, '59;58;56;54;51;50;49;48;47;46;45;35;34;', '203', 1, 2, 800000, ''),
(101, 7, '59;58;56;54;51;50;49;48;47;46;45;35;34;', '204', 3, 6, 1200000, ''),
(102, 7, '59;58;56;54;51;50;49;48;47;46;45;35;34;', '301', 3, 6, 1250000, ''),
(103, 7, '59;58;56;54;51;50;49;48;47;46;45;35;34;', '302', 1, 2, 850000, ''),
(104, 7, '59;58;56;54;51;50;49;48;47;46;45;35;34;', '303', 1, 2, 850000, ''),
(105, 7, '59;58;56;54;51;50;49;48;47;46;45;35;34;', '304', 2, 4, 1050000, ''),
(106, 8, '59;58;56;54;51;50;49;48;47;46;45;35;34;', '101', 2, 4, 1250000, ''),
(107, 8, '59;58;56;54;51;50;49;48;47;46;45;35;34;', '102', 1, 2, 1050000, ''),
(108, 8, '59;58;56;54;51;50;49;48;47;46;45;35;34;', '103', 3, 6, 1450000, ''),
(109, 8, '59;58;56;54;51;50;49;48;47;46;45;35;34;', '104', 1, 2, 1050000, ''),
(110, 8, '59;58;56;54;51;50;49;48;47;46;45;35;34;', '201', 3, 6, 1500000, ''),
(111, 8, '59;58;56;54;51;50;49;48;47;46;45;35;34;', '202', 3, 6, 1500000, ''),
(112, 8, '59;58;56;54;51;50;49;48;47;46;45;35;34;', '203', 1, 2, 1100000, ''),
(113, 8, '59;58;56;54;51;50;49;48;47;46;45;35;34;', '204', 2, 4, 1300000, ''),
(114, 8, '59;58;56;54;51;50;49;48;47;46;45;35;34;', '301', 1, 2, 1150000, ''),
(115, 8, '59;58;56;54;51;50;49;48;47;46;45;35;34;', '302', 1, 2, 1150000, ''),
(116, 8, '59;58;56;54;51;50;49;48;47;46;45;35;34;', '303', 1, 2, 1150000, ''),
(117, 8, '59;58;56;54;51;50;49;48;47;46;45;35;34;', '304', 1, 2, 1150000, ''),
(118, 9, '59;58;57;56;54;51;50;49;48;47;46;45;35;34;', '101', 2, 4, 1700000, ''),
(119, 9, '59;58;57;56;54;51;50;49;48;47;46;45;35;34;', '102', 3, 6, 2000000, ''),
(120, 9, '59;58;57;56;54;51;50;49;48;47;46;45;35;34;', '103', 1, 2, 1400000, ''),
(121, 9, '59;58;57;56;54;51;50;49;48;47;46;45;35;34;', '104', 3, 6, 2000000, ''),
(122, 9, '59;58;57;56;54;51;50;49;48;47;46;45;35;34;', '201', 2, 4, 1800000, ''),
(123, 9, '59;58;57;56;54;51;50;49;48;47;46;45;35;34;', '202', 4, 8, 2400000, ''),
(124, 9, '59;58;57;56;54;51;50;49;48;47;46;45;35;34;', '203', 2, 4, 1800000, ''),
(125, 9, '59;58;57;56;54;51;50;49;48;47;46;45;35;34;', '204', 2, 4, 1800000, ''),
(126, 9, '59;58;57;56;54;51;50;49;48;47;46;45;35;34;', '301', 2, 4, 1900000, ''),
(127, 9, '59;58;57;56;54;51;50;49;48;47;46;45;35;34;', '302', 2, 4, 1900000, ''),
(128, 9, '59;58;57;56;54;51;50;49;48;47;46;45;35;34;', '303', 1, 2, 1600000, ''),
(129, 9, '59;58;57;56;54;51;50;49;48;47;46;45;35;34;', '304', 4, 8, 2500000, ''),
(130, 9, '59;58;57;56;54;51;50;49;48;47;46;45;35;34;', '401', 2, 4, 2000000, ''),
(131, 9, '59;58;57;56;54;51;50;49;48;47;46;45;35;34;', '402', 1, 2, 1700000, ''),
(132, 9, '59;58;57;56;54;51;50;49;48;47;46;45;35;34;', '403', 1, 2, 1700000, ''),
(133, 9, '59;58;57;56;54;51;50;49;48;47;46;45;35;34;', '404', 1, 2, 1700000, ''),
(134, 10, '58;57;56;54;51;50;49;48;47;46;45;35;34;', '101', 1, 2, 1200000, ''),
(135, 10, '58;57;56;54;51;50;49;48;47;46;45;35;34;', '102', 1, 2, 1200000, ''),
(136, 10, '58;57;56;54;51;50;49;48;47;46;45;35;34;', '103', 2, 4, 1400000, ''),
(137, 10, '58;57;56;54;51;50;49;48;47;46;45;35;34;', '104', 4, 8, 1800000, ''),
(138, 10, '58;57;56;54;51;50;49;48;47;46;45;35;34;', '105', 2, 4, 1400000, ''),
(139, 10, '58;57;56;54;51;50;49;48;47;46;45;35;34;', '201', 2, 4, 1500000, ''),
(140, 10, '58;57;56;54;51;50;49;48;47;46;45;35;34;', '202', 3, 6, 1700000, ''),
(141, 10, '58;57;56;54;51;50;49;48;47;46;45;35;34;', '203', 4, 8, 1900000, ''),
(142, 10, '58;57;56;54;51;50;49;48;47;46;45;35;34;', '204', 1, 2, 1300000, ''),
(143, 10, '58;57;56;54;51;50;49;48;47;46;45;35;34;', '205', 1, 2, 1300000, ''),
(144, 10, '58;57;56;54;51;50;49;48;47;46;45;35;34;', '301', 2, 4, 1600000, ''),
(145, 10, '58;57;56;54;51;50;49;48;47;46;45;35;34;', '302', 1, 2, 1400000, ''),
(146, 10, '58;57;56;54;51;50;49;48;47;46;45;35;34;', '303', 3, 6, 1800000, ''),
(147, 10, '58;57;56;54;51;50;49;48;47;46;45;35;34;', '304', 1, 2, 1400000, ''),
(148, 10, '58;57;56;54;51;50;49;48;47;46;45;35;34;', '305', 4, 8, 2000000, ''),
(149, 11, '58;57;56;54;51;50;49;48;47;46;45;35;34;', '101', 1, 2, 950000, ''),
(150, 11, '58;57;56;54;51;50;49;48;47;46;45;35;34;', '102', 1, 2, 950000, ''),
(151, 11, '58;57;56;54;51;50;49;48;47;46;45;35;34;', '103', 2, 4, 1150000, ''),
(152, 11, '58;57;56;54;51;50;49;48;47;46;45;35;34;', '104', 2, 4, 1150000, ''),
(153, 11, '58;57;56;54;51;50;49;48;47;46;45;35;34;', '105', 2, 4, 1150000, ''),
(154, 11, '58;57;56;54;51;50;49;48;47;46;45;35;34;', '201', 1, 2, 1000000, ''),
(155, 11, '58;57;56;54;51;50;49;48;47;46;45;35;34;', '202', 1, 2, 1000000, ''),
(156, 11, '58;57;56;54;51;50;49;48;47;46;45;35;34;', '203', 3, 6, 1400000, ''),
(157, 11, '58;57;56;54;51;50;49;48;47;46;45;35;34;', '204', 3, 6, 1400000, ''),
(158, 11, '58;57;56;54;51;50;49;48;47;46;45;35;34;', '205', 3, 6, 1400000, ''),
(159, 12, '58;57;56;54;51;50;49;48;47;46;45;35;34;', '101', 1, 2, 1250000, ''),
(160, 12, '58;57;56;54;51;50;49;48;47;46;45;35;34;', '102', 1, 2, 1250000, ''),
(161, 12, '58;57;56;54;51;50;49;48;47;46;45;35;34;', '103', 3, 6, 1850000, ''),
(162, 12, '58;57;56;54;51;50;49;48;47;46;45;35;34;', '104', 4, 8, 2150000, ''),
(163, 12, '58;57;56;54;51;50;49;48;47;46;45;35;34;', '105', 1, 2, 1250000, ''),
(164, 12, '58;57;56;54;51;50;49;48;47;46;45;35;34;', '201', 4, 8, 2250000, ''),
(165, 12, '58;57;56;54;51;50;49;48;47;46;45;35;34;', '202', 2, 4, 1650000, ''),
(166, 12, '58;57;56;54;51;50;49;48;47;46;45;35;34;', '203', 1, 2, 1350000, ''),
(167, 12, '58;57;56;54;51;50;49;48;47;46;45;35;34;', '204', 1, 2, 1350000, ''),
(168, 12, '58;57;56;54;51;50;49;48;47;46;45;35;34;', '205', 4, 8, 2250000, ''),
(169, 12, '58;57;56;54;51;50;49;48;47;46;45;35;34;', '301', 1, 2, 1450000, ''),
(170, 12, '58;57;56;54;51;50;49;48;47;46;45;35;34;', '302', 2, 4, 1750000, ''),
(171, 12, '58;57;56;54;51;50;49;48;47;46;45;35;34;', '303', 4, 8, 2350000, ''),
(172, 12, '58;57;56;54;51;50;49;48;47;46;45;35;34;', '304', 2, 4, 1750000, ''),
(173, 12, '58;57;56;54;51;50;49;48;47;46;45;35;34;', '305', 3, 6, 2050000, ''),
(174, 13, '59;58;56;55;54;51;50;49;48;47;46;45;35;34;', '101', 6, 12, 6500000, ''),
(175, 13, '59;58;56;55;54;51;50;49;48;47;46;45;35;34;', '102', 6, 12, 6500000, ''),
(176, 13, '59;58;56;55;54;51;50;49;48;47;46;45;35;34;', '103', 6, 12, 6500000, ''),
(177, 13, '59;58;56;55;54;51;50;49;48;47;46;45;35;34;', '104', 6, 20, 8000000, ''),
(178, 14, '59;58;56;55;54;51;50;49;48;47;46;45;35;34;', '101', 3, 6, 2600000, ''),
(179, 14, '59;58;56;55;54;51;50;49;48;47;46;45;35;34;', '102', 2, 4, 2100000, ''),
(180, 14, '59;58;56;55;54;51;50;49;48;47;46;45;35;34;', '103', 4, 8, 3100000, ''),
(181, 14, '59;58;56;55;54;51;50;49;48;47;46;45;35;34;', '104', 2, 4, 2100000, ''),
(182, 14, '59;58;56;55;54;51;50;49;48;47;46;45;35;34;', '105', 1, 2, 1600000, ''),
(183, 14, '59;58;56;55;54;51;50;49;48;47;46;45;35;34;', '201', 1, 2, 1700000, ''),
(184, 14, '59;58;56;55;54;51;50;49;48;47;46;45;35;34;', '202', 2, 4, 2200000, ''),
(185, 14, '59;58;56;55;54;51;50;49;48;47;46;45;35;34;', '203', 1, 2, 1700000, ''),
(186, 14, '59;58;56;55;54;51;50;49;48;47;46;45;35;34;', '204', 1, 2, 1700000, ''),
(187, 14, '59;58;56;55;54;51;50;49;48;47;46;45;35;34;', '205', 1, 2, 1700000, ''),
(188, 14, '59;58;56;55;54;51;50;49;48;47;46;45;35;34;', '301', 4, 8, 3300000, ''),
(189, 14, '59;58;56;55;54;51;50;49;48;47;46;45;35;34;', '302', 4, 8, 3300000, ''),
(190, 14, '59;58;56;55;54;51;50;49;48;47;46;45;35;34;', '303', 1, 2, 1800000, ''),
(191, 14, '59;58;56;55;54;51;50;49;48;47;46;45;35;34;', '304', 2, 4, 2300000, ''),
(192, 14, '59;58;56;55;54;51;50;49;48;47;46;45;35;34;', '305', 4, 8, 3300000, ''),
(193, 14, '59;58;56;55;54;51;50;49;48;47;46;45;35;34;', '401', 3, 6, 2900000, ''),
(194, 14, '59;58;56;55;54;51;50;49;48;47;46;45;35;34;', '402', 3, 6, 2900000, ''),
(195, 14, '59;58;56;55;54;51;50;49;48;47;46;45;35;34;', '403', 1, 2, 1900000, ''),
(196, 14, '59;58;56;55;54;51;50;49;48;47;46;45;35;34;', '404', 1, 2, 1900000, ''),
(197, 14, '59;58;56;55;54;51;50;49;48;47;46;45;35;34;', '405', 2, 4, 2400000, ''),
(198, 15, '59;58;56;54;51;50;49;48;47;46;45;35;34;', '101', 3, 6, 1800000, ''),
(199, 15, '59;58;56;54;51;50;49;48;47;46;45;35;34;', '102', 1, 2, 1400000, ''),
(200, 15, '59;58;56;54;51;50;49;48;47;46;45;35;34;', '103', 3, 6, 1800000, ''),
(201, 15, '59;58;56;54;51;50;49;48;47;46;45;35;34;', '104', 1, 2, 1400000, ''),
(202, 15, '59;58;56;54;51;50;49;48;47;46;45;35;34;', '105', 3, 6, 1800000, ''),
(203, 15, '59;58;56;54;51;50;49;48;47;46;45;35;34;', '201', 1, 2, 1600000, ''),
(204, 15, '59;58;56;54;51;50;49;48;47;46;45;35;34;', '202', 2, 4, 1800000, ''),
(205, 15, '59;58;56;54;51;50;49;48;47;46;45;35;34;', '203', 1, 2, 1600000, ''),
(206, 15, '59;58;56;54;51;50;49;48;47;46;45;35;34;', '204', 1, 2, 1600000, ''),
(207, 15, '59;58;56;54;51;50;49;48;47;46;45;35;34;', '205', 2, 4, 1800000, ''),
(208, 15, '59;58;56;54;51;50;49;48;47;46;45;35;34;', '301', 2, 4, 2000000, ''),
(209, 15, '59;58;56;54;51;50;49;48;47;46;45;35;34;', '302', 1, 2, 1800000, ''),
(210, 15, '59;58;56;54;51;50;49;48;47;46;45;35;34;', '303', 2, 4, 2000000, ''),
(211, 15, '59;58;56;54;51;50;49;48;47;46;45;35;34;', '304', 3, 6, 2200000, ''),
(212, 16, '59;58;56;54;51;50;49;48;47;46;45;35;34;', '101', 2, 4, 1300000, ''),
(213, 16, '59;58;56;54;51;50;49;48;47;46;45;35;34;', '102', 1, 2, 1100000, ''),
(214, 16, '59;58;56;54;51;50;49;48;47;46;45;35;34;', '103', 3, 6, 1500000, ''),
(215, 16, '59;58;56;54;51;50;49;48;47;46;45;35;34;', '104', 1, 2, 1100000, ''),
(216, 16, '59;58;56;54;51;50;49;48;47;46;45;35;34;', '105', 3, 6, 1500000, ''),
(217, 16, '59;58;56;54;51;50;49;48;47;46;45;35;34;', '201', 1, 2, 1300000, ''),
(218, 16, '59;58;56;54;51;50;49;48;47;46;45;35;34;', '202', 2, 4, 1500000, ''),
(219, 16, '59;58;56;54;51;50;49;48;47;46;45;35;34;', '203', 1, 2, 1300000, ''),
(220, 16, '59;58;56;54;51;50;49;48;47;46;45;35;34;', '204', 1, 2, 1300000, ''),
(221, 16, '59;58;56;54;51;50;49;48;47;46;45;35;34;', '205', 1, 2, 1300000, ''),
(222, 17, '59;58;56;54;51;50;49;48;47;46;45;35;34;', '101', 1, 2, 700000, ''),
(223, 17, '59;58;56;54;51;50;49;48;47;46;45;35;34;', '102', 1, 2, 700000, ''),
(224, 17, '59;58;56;54;51;50;49;48;47;46;45;35;34;', '103', 2, 4, 800000, ''),
(225, 17, '59;58;56;54;51;50;49;48;47;46;45;35;34;', '104', 1, 2, 700000, ''),
(226, 17, '59;58;56;54;51;50;49;48;47;46;45;35;34;', '105', 1, 2, 700000, ''),
(227, 17, '59;58;56;54;51;50;49;48;47;46;45;35;34;', '201', 3, 6, 1000000, ''),
(228, 17, '59;58;56;54;51;50;49;48;47;46;45;35;34;', '202', 1, 2, 800000, ''),
(229, 17, '59;58;56;54;51;50;49;48;47;46;45;35;34;', '203', 1, 2, 800000, ''),
(230, 17, '59;58;56;54;51;50;49;48;47;46;45;35;34;', '204', 3, 6, 1000000, ''),
(231, 18, '59;58;56;54;51;50;49;48;47;46;45;35;34;', '101', 1, 2, 750000, ''),
(232, 18, '59;58;56;54;51;50;49;48;47;46;45;35;34;', '102', 1, 2, 750000, ''),
(233, 18, '59;58;56;54;51;50;49;48;47;46;45;35;34;', '103', 2, 4, 850000, ''),
(234, 18, '59;58;56;54;51;50;49;48;47;46;45;35;34;', '104', 1, 2, 750000, ''),
(235, 18, '59;58;56;54;51;50;49;48;47;46;45;35;34;', '105', 1, 2, 750000, ''),
(236, 18, '59;58;56;54;51;50;49;48;47;46;45;35;34;', '201', 1, 2, 800000, ''),
(237, 18, '59;58;56;54;51;50;49;48;47;46;45;35;34;', '202', 3, 6, 1000000, ''),
(238, 18, '59;58;56;54;51;50;49;48;47;46;45;35;34;', '203', 1, 2, 800000, ''),
(239, 18, '59;58;56;54;51;50;49;48;47;46;45;35;34;', '204', 2, 4, 900000, ''),
(240, 18, '59;58;56;54;51;50;49;48;47;46;45;35;34;', '205', 3, 6, 1000000, ''),
(241, 19, '59;58;56;54;51;50;49;48;47;46;45;35;34;', '101', 2, 4, 1300000, ''),
(242, 19, '59;58;56;54;51;50;49;48;47;46;45;35;34;', '102', 4, 8, 1700000, ''),
(243, 19, '59;58;56;54;51;50;49;48;47;46;45;35;34;', '103', 1, 2, 1100000, ''),
(244, 19, '59;58;56;54;51;50;49;48;47;46;45;35;34;', '104', 1, 2, 1100000, ''),
(245, 19, '59;58;56;54;51;50;49;48;47;46;45;35;34;', '105', 1, 2, 1100000, ''),
(246, 19, '59;58;56;54;51;50;49;48;47;46;45;35;34;', '201', 1, 2, 1150000, ''),
(247, 19, '59;58;56;54;51;50;49;48;47;46;45;35;34;', '202', 3, 6, 1550000, ''),
(248, 19, '59;58;56;54;51;50;49;48;47;46;45;35;34;', '203', 2, 4, 1350000, ''),
(249, 19, '59;58;56;54;51;50;49;48;47;46;45;35;34;', '204', 2, 4, 1350000, ''),
(250, 19, '59;58;56;54;51;50;49;48;47;46;45;35;34;', '205', 4, 8, 1750000, ''),
(251, 19, '59;58;56;54;51;50;49;48;47;46;45;35;34;', '301', 1, 2, 1200000, ''),
(252, 19, '59;58;56;54;51;50;49;48;47;46;45;35;34;', '302', 3, 6, 1600000, ''),
(253, 20, '59;58;56;55;54;51;50;49;48;47;46;45;35;34;', '101', 1, 2, 1000000, ''),
(254, 20, '59;58;56;55;54;51;50;49;48;47;46;45;35;34;', '102', 2, 4, 1200000, ''),
(255, 20, '59;58;56;55;54;51;50;49;48;47;46;45;35;34;', '103', 1, 2, 1000000, ''),
(256, 20, '59;58;56;55;54;51;50;49;48;47;46;45;35;34;', '104', 2, 4, 1200000, ''),
(257, 20, '59;58;56;55;54;51;50;49;48;47;46;45;35;34;', '105', 1, 2, 1000000, ''),
(258, 20, '59;58;56;55;54;51;50;49;48;47;46;45;35;34;', '201', 1, 2, 1050000, ''),
(259, 20, '59;58;56;55;54;51;50;49;48;47;46;45;35;34;', '202', 1, 2, 1050000, ''),
(260, 20, '59;58;56;55;54;51;50;49;48;47;46;45;35;34;', '203', 2, 4, 1250000, ''),
(261, 20, '59;58;56;55;54;51;50;49;48;47;46;45;35;34;', '204', 2, 4, 1250000, ''),
(262, 20, '59;58;56;55;54;51;50;49;48;47;46;45;35;34;', '205', 2, 4, 1250000, ''),
(263, 20, '59;58;56;55;54;51;50;49;48;47;46;45;35;34;', '301', 1, 2, 1100000, ''),
(264, 20, '59;58;56;55;54;51;50;49;48;47;46;45;35;34;', '302', 1, 2, 1100000, ''),
(265, 20, '59;58;56;55;54;51;50;49;48;47;46;45;35;34;', '303', 1, 2, 1100000, ''),
(266, 20, '59;58;56;55;54;51;50;49;48;47;46;45;35;34;', '304', 3, 6, 1500000, ''),
(267, 20, '59;58;56;55;54;51;50;49;48;47;46;45;35;34;', '305', 2, 4, 1300000, ''),
(268, 21, '59;58;56;55;54;51;50;49;48;47;46;45;35;34;', '101', 1, 2, 1200000, ''),
(269, 21, '59;58;56;55;54;51;50;49;48;47;46;45;35;34;', '102', 1, 2, 1200000, ''),
(270, 21, '59;58;56;55;54;51;50;49;48;47;46;45;35;34;', '103', 2, 4, 1400000, ''),
(271, 21, '59;58;56;55;54;51;50;49;48;47;46;45;35;34;', '104', 2, 4, 1400000, ''),
(272, 21, '59;58;56;55;54;51;50;49;48;47;46;45;35;34;', '105', 3, 6, 1600000, ''),
(273, 21, '59;58;56;55;54;51;50;49;48;47;46;45;35;34;', '201', 1, 2, 1250000, ''),
(274, 21, '59;58;56;55;54;51;50;49;48;47;46;45;35;34;', '202', 2, 4, 1450000, ''),
(275, 21, '59;58;56;55;54;51;50;49;48;47;46;45;35;34;', '203', 2, 4, 1450000, ''),
(276, 21, '59;58;56;55;54;51;50;49;48;47;46;45;35;34;', '204', 1, 2, 1250000, ''),
(277, 21, '59;58;56;55;54;51;50;49;48;47;46;45;35;34;', '205', 2, 4, 1450000, ''),
(278, 22, '59;58;56;54;51;50;49;48;47;46;45;35;34;', '101', 3, 6, 1550000, ''),
(279, 22, '59;58;56;54;51;50;49;48;47;46;45;35;34;', '102', 1, 2, 1150000, ''),
(280, 22, '59;58;56;54;51;50;49;48;47;46;45;35;34;', '103', 1, 2, 1150000, ''),
(281, 22, '59;58;56;54;51;50;49;48;47;46;45;35;34;', '104', 1, 2, 1150000, ''),
(282, 22, '59;58;56;54;51;50;49;48;47;46;45;35;34;', '105', 1, 2, 1150000, ''),
(283, 22, '59;58;56;54;51;50;49;48;47;46;45;35;34;', '201', 1, 2, 1200000, ''),
(284, 22, '59;58;56;54;51;50;49;48;47;46;45;35;34;', '202', 2, 4, 1400000, ''),
(285, 22, '59;58;56;54;51;50;49;48;47;46;45;35;34;', '203', 3, 6, 1600000, ''),
(286, 22, '59;58;56;54;51;50;49;48;47;46;45;35;34;', '204', 2, 4, 1400000, ''),
(287, 22, '59;58;56;54;51;50;49;48;47;46;45;35;34;', '205', 2, 4, 1400000, ''),
(288, 23, '59;58;56;54;51;50;49;48;47;46;45;35;34;', '101', 2, 4, 750000, ''),
(289, 23, '59;58;56;54;51;50;49;48;47;46;45;35;34;', '102', 1, 2, 650000, ''),
(290, 23, '59;58;56;54;51;50;49;48;47;46;45;35;34;', '103', 2, 4, 750000, ''),
(291, 23, '59;58;56;54;51;50;49;48;47;46;45;35;34;', '104', 1, 2, 650000, ''),
(292, 23, '59;58;56;54;51;50;49;48;47;46;45;35;34;', '201', 1, 2, 700000, ''),
(293, 23, '59;58;56;54;51;50;49;48;47;46;45;35;34;', '202', 2, 4, 800000, ''),
(294, 23, '59;58;56;54;51;50;49;48;47;46;45;35;34;', '203', 1, 2, 700000, ''),
(295, 23, '59;58;56;54;51;50;49;48;47;46;45;35;34;', '204', 1, 2, 700000, ''),
(296, 23, '59;58;56;54;51;50;49;48;47;46;45;35;34;', '301', 1, 2, 750000, ''),
(297, 23, '59;58;56;54;51;50;49;48;47;46;45;35;34;', '302', 3, 6, 950000, ''),
(298, 23, '59;58;56;54;51;50;49;48;47;46;45;35;34;', '303', 1, 2, 750000, ''),
(299, 23, '59;58;56;54;51;50;49;48;47;46;45;35;34;', '304', 1, 2, 750000, ''),
(300, 24, '59;58;56;54;51;50;49;48;47;46;45;35;34;', '101', 4, 8, 1300000, ''),
(301, 24, '59;58;56;54;51;50;49;48;47;46;45;35;34;', '102', 2, 4, 1100000, ''),
(302, 24, '59;58;56;54;51;50;49;48;47;46;45;35;34;', '103', 1, 2, 1000000, ''),
(303, 24, '59;58;56;54;51;50;49;48;47;46;45;35;34;', '104', 1, 2, 1000000, ''),
(304, 24, '59;58;56;54;51;50;49;48;47;46;45;35;34;', '201', 3, 6, 1300000, ''),
(305, 24, '59;58;56;54;51;50;49;48;47;46;45;35;34;', '202', 2, 4, 1200000, ''),
(306, 24, '59;58;56;54;51;50;49;48;47;46;45;35;34;', '203', 2, 4, 1200000, ''),
(307, 24, '59;58;56;54;51;50;49;48;47;46;45;35;34;', '204', 2, 4, 1200000, ''),
(308, 25, '59;58;56;54;51;50;49;48;47;46;45;35;34;', '101', 2, 4, 1200000, ''),
(309, 25, '59;58;56;54;51;50;49;48;47;46;45;35;34;', '102', 2, 4, 1200000, ''),
(310, 25, '59;58;56;54;51;50;49;48;47;46;45;35;34;', '103', 1, 2, 1050000, ''),
(311, 25, '59;58;56;54;51;50;49;48;47;46;45;35;34;', '104', 1, 2, 1050000, ''),
(312, 25, '59;58;56;54;51;50;49;48;47;46;45;35;34;', '201', 2, 4, 1300000, ''),
(313, 25, '59;58;56;54;51;50;49;48;47;46;45;35;34;', '202', 1, 2, 1150000, ''),
(314, 25, '59;58;56;54;51;50;49;48;47;46;45;35;34;', '203', 1, 2, 1150000, ''),
(315, 25, '59;58;56;54;51;50;49;48;47;46;45;35;34;', '204', 1, 2, 1150000, ''),
(316, 25, '59;58;56;54;51;50;49;48;47;46;45;35;34;', '301', 2, 4, 1400000, ''),
(317, 25, '59;58;56;54;51;50;49;48;47;46;45;35;34;', '302', 3, 6, 1550000, ''),
(318, 25, '59;58;56;54;51;50;49;48;47;46;45;35;34;', '303', 3, 6, 1550000, ''),
(319, 25, '59;58;56;54;51;50;49;48;47;46;45;35;34;', '304', 2, 4, 1400000, ''),
(320, 26, '59;58;57;56;54;51;50;49;48;47;46;45;35;34;', '101', 1, 2, 1200000, ''),
(321, 26, '59;58;57;56;54;51;50;49;48;47;46;45;35;34;', '102', 2, 4, 1350000, ''),
(322, 26, '59;58;57;56;54;51;50;49;48;47;46;45;35;34;', '103', 3, 6, 1500000, ''),
(323, 26, '59;58;57;56;54;51;50;49;48;47;46;45;35;34;', '104', 4, 8, 1650000, ''),
(324, 26, '59;58;57;56;54;51;50;49;48;47;46;45;35;34;', '201', 3, 6, 1700000, ''),
(325, 26, '59;58;57;56;54;51;50;49;48;47;46;45;35;34;', '202', 1, 2, 1400000, ''),
(326, 26, '59;58;57;56;54;51;50;49;48;47;46;45;35;34;', '203', 2, 4, 1550000, ''),
(327, 26, '59;58;57;56;54;51;50;49;48;47;46;45;35;34;', '204', 3, 6, 1700000, ''),
(328, 26, '59;58;57;56;54;51;50;49;48;47;46;45;35;34;', '301', 1, 2, 1600000, ''),
(329, 26, '59;58;57;56;54;51;50;49;48;47;46;45;35;34;', '302', 1, 2, 1600000, ''),
(330, 26, '59;58;57;56;54;51;50;49;48;47;46;45;35;34;', '303', 1, 2, 1600000, ''),
(331, 26, '59;58;57;56;54;51;50;49;48;47;46;45;35;34;', '304', 2, 4, 1750000, ''),
(332, 26, '59;58;57;56;54;51;50;49;48;47;46;45;35;34;', '401', 1, 2, 1800000, ''),
(333, 26, '59;58;57;56;54;51;50;49;48;47;46;45;35;34;', '402', 1, 2, 1800000, ''),
(334, 26, '59;58;57;56;54;51;50;49;48;47;46;45;35;34;', '403', 1, 2, 1800000, ''),
(335, 26, '59;58;57;56;54;51;50;49;48;47;46;45;35;34;', '404', 1, 2, 1800000, ''),
(336, 27, '59;58;56;54;51;50;49;48;47;46;45;35;34;', '101', 1, 2, 1000000, ''),
(337, 27, '59;58;56;54;51;50;49;48;47;46;45;35;34;', '102', 2, 4, 1150000, ''),
(338, 27, '59;58;56;54;51;50;49;48;47;46;45;35;34;', '103', 4, 8, 1450000, ''),
(339, 27, '59;58;56;54;51;50;49;48;47;46;45;35;34;', '104', 1, 2, 1000000, ''),
(340, 27, '59;58;56;54;51;50;49;48;47;46;45;35;34;', '201', 3, 6, 1500000, ''),
(341, 27, '59;58;56;54;51;50;49;48;47;46;45;35;34;', '202', 4, 8, 1650000, ''),
(342, 27, '59;58;56;54;51;50;49;48;47;46;45;35;34;', '203', 3, 6, 1500000, ''),
(343, 27, '59;58;56;54;51;50;49;48;47;46;45;35;34;', '204', 1, 2, 1200000, ''),
(344, 27, '59;58;56;54;51;50;49;48;47;46;45;35;34;', '301', 1, 2, 1400000, ''),
(345, 27, '59;58;56;54;51;50;49;48;47;46;45;35;34;', '302', 1, 2, 1400000, ''),
(346, 27, '59;58;56;54;51;50;49;48;47;46;45;35;34;', '303', 1, 2, 1400000, ''),
(347, 27, '59;58;56;54;51;50;49;48;47;46;45;35;34;', '304', 3, 6, 1700000, ''),
(348, 28, '59;58;56;54;51;50;49;48;47;46;45;35;34;', '101', 1, 2, 950000, ''),
(349, 28, '59;58;56;54;51;50;49;48;47;46;45;35;34;', '102', 1, 2, 950000, ''),
(350, 28, '59;58;56;54;51;50;49;48;47;46;45;35;34;', '103', 1, 2, 950000, ''),
(351, 28, '59;58;56;54;51;50;49;48;47;46;45;35;34;', '104', 2, 4, 1050000, ''),
(352, 28, '59;58;56;54;51;50;49;48;47;46;45;35;34;', '201', 1, 2, 1050000, ''),
(353, 28, '59;58;56;54;51;50;49;48;47;46;45;35;34;', '202', 2, 4, 1150000, ''),
(354, 28, '59;58;56;54;51;50;49;48;47;46;45;35;34;', '301', 3, 6, 1250000, ''),
(355, 28, '59;58;56;54;51;50;49;48;47;46;45;35;34;', '302', 3, 6, 1250000, ''),
(356, 28, '59;58;56;54;51;50;49;48;47;46;45;35;34;', '203', 1, 2, 1150000, ''),
(357, 28, '59;58;56;54;51;50;49;48;47;46;45;35;34;', '204', 1, 2, 1150000, ''),
(358, 29, '59;58;56;54;51;50;49;48;47;46;45;35;34;', '101', 1, 2, 600000, ''),
(359, 29, '59;58;56;54;51;50;49;48;47;46;45;35;34;', '102', 1, 2, 600000, ''),
(360, 29, '59;58;56;54;51;50;49;48;47;46;45;35;34;', '103', 3, 6, 800000, ''),
(361, 29, '59;58;56;54;51;50;49;48;47;46;45;35;34;', '104', 1, 2, 600000, ''),
(362, 29, '59;58;56;54;51;50;49;48;47;46;45;35;34;', '201', 2, 4, 750000, ''),
(363, 29, '59;58;56;54;51;50;49;48;47;46;45;35;34;', '202', 1, 2, 650000, ''),
(364, 29, '59;58;56;54;51;50;49;48;47;46;45;35;34;', '203', 1, 2, 650000, ''),
(365, 29, '59;58;56;54;51;50;49;48;47;46;45;35;34;', '204', 2, 4, 750000, ''),
(366, 30, '59;58;56;54;51;50;49;48;47;46;45;35;34;', '101', 1, 2, 550000, ''),
(367, 30, '59;58;56;54;51;50;49;48;47;46;45;35;34;', '102', 1, 2, 550000, ''),
(368, 30, '59;58;56;54;51;50;49;48;47;46;45;35;34;', '103', 2, 4, 650000, ''),
(369, 30, '59;58;56;54;51;50;49;48;47;46;45;35;34;', '104', 1, 2, 550000, ''),
(370, 30, '59;58;56;54;51;50;49;48;47;46;45;35;34;', '201', 1, 2, 600000, ''),
(371, 30, '59;58;56;54;51;50;49;48;47;46;45;35;34;', '202', 3, 6, 800000, ''),
(372, 30, '59;58;56;54;51;50;49;48;47;46;45;35;34;', '203', 1, 2, 600000, ''),
(373, 30, '59;58;56;54;51;50;49;48;47;46;45;35;34;', '204', 1, 2, 600000, ''),
(374, 31, '59;58;56;54;51;50;49;48;47;46;45;35;34;', '101', 2, 4, 850000, ''),
(375, 31, '59;58;56;54;51;50;49;48;47;46;45;35;34;', '102', 2, 4, 850000, ''),
(376, 31, '59;58;56;54;51;50;49;48;47;46;45;35;34;', '103', 1, 2, 750000, ''),
(377, 31, '59;58;56;54;51;50;49;48;47;46;45;35;34;', '104', 1, 2, 750000, ''),
(378, 31, '59;58;56;54;51;50;49;48;47;46;45;35;34;', '201', 1, 2, 800000, ''),
(379, 31, '59;58;56;54;51;50;49;48;47;46;45;35;34;', '202', 1, 2, 800000, ''),
(380, 31, '59;58;56;54;51;50;49;48;47;46;45;35;34;', '203', 1, 2, 800000, ''),
(381, 31, '59;58;56;54;51;50;49;48;47;46;45;35;34;', '204', 3, 6, 1000000, ''),
(382, 31, '59;58;56;54;51;50;49;48;47;46;45;35;34;', '301', 3, 6, 1050000, ''),
(383, 31, '59;58;56;54;51;50;49;48;47;46;45;35;34;', '302', 2, 4, 950000, ''),
(384, 32, '59;58;56;54;51;50;49;48;47;46;45;35;34;', '101', 1, 2, 1000000, ''),
(385, 32, '59;58;56;54;51;50;49;48;47;46;45;35;34;', '102', 1, 2, 1000000, ''),
(386, 32, '59;58;56;54;51;50;49;48;47;46;45;35;34;', '103', 1, 2, 1000000, ''),
(387, 32, '59;58;56;54;51;50;49;48;47;46;45;35;34;', '104', 1, 2, 1000000, ''),
(388, 32, '59;58;56;54;51;50;49;48;47;46;45;35;34;', '201', 2, 4, 1200000, ''),
(389, 32, '59;58;56;54;51;50;49;48;47;46;45;35;34;', '202', 3, 6, 1300000, ''),
(390, 32, '59;58;56;54;51;50;49;48;47;46;45;35;34;', '203', 1, 2, 1100000, ''),
(391, 32, '59;58;56;54;51;50;49;48;47;46;45;35;34;', '204', 1, 2, 1100000, ''),
(392, 32, '59;58;56;54;51;50;49;48;47;46;45;35;34;', '301', 1, 2, 1200000, ''),
(393, 32, '59;58;56;54;51;50;49;48;47;46;45;35;34;', '302', 2, 4, 1300000, ''),
(394, 32, '59;58;56;54;51;50;49;48;47;46;45;35;34;', '303', 2, 4, 1300000, ''),
(395, 33, '59;58;56;55;54;51;50;49;48;47;46;45;35;34;', '101', 2, 4, 1250000, ''),
(396, 33, '59;58;56;55;54;51;50;49;48;47;46;45;35;34;', '102', 1, 2, 1050000, ''),
(397, 33, '59;58;56;55;54;51;50;49;48;47;46;45;35;34;', '103', 1, 2, 1050000, ''),
(398, 33, '59;58;56;55;54;51;50;49;48;47;46;45;35;34;', '104', 1, 2, 1050000, ''),
(399, 33, '59;58;56;55;54;51;50;49;48;47;46;45;35;34;', '105', 2, 4, 1250000, ''),
(400, 33, '59;58;56;55;54;51;50;49;48;47;46;45;35;34;', '201', 1, 2, 1150000, ''),
(401, 33, '59;58;56;55;54;51;50;49;48;47;46;45;35;34;', '202', 3, 6, 1550000, ''),
(402, 33, '59;58;56;55;54;51;50;49;48;47;46;45;35;34;', '203', 2, 4, 1350000, ''),
(403, 33, '59;58;56;55;54;51;50;49;48;47;46;45;35;34;', '204', 3, 6, 1550000, ''),
(404, 33, '59;58;56;55;54;51;50;49;48;47;46;45;35;34;', '205', 3, 6, 1550000, ''),
(405, 33, '59;58;56;55;54;51;50;49;48;47;46;45;35;34;', '301', 1, 2, 1250000, ''),
(406, 33, '59;58;56;55;54;51;50;49;48;47;46;45;35;34;', '302', 1, 2, 1250000, ''),
(407, 33, '59;58;56;55;54;51;50;49;48;47;46;45;35;34;', '303', 1, 2, 1250000, ''),
(408, 33, '59;58;56;55;54;51;50;49;48;47;46;45;35;34;', '304', 1, 2, 1250000, ''),
(409, 34, '59;58;56;55;54;51;50;49;48;47;46;45;35;34;', '101', 1, 2, 1200000, ''),
(410, 34, '59;58;56;55;54;51;50;49;48;47;46;45;35;34;', '102', 1, 2, 1200000, ''),
(411, 34, '59;58;56;55;54;51;50;49;48;47;46;45;35;34;', '103', 2, 4, 1400000, ''),
(412, 34, '59;58;56;55;54;51;50;49;48;47;46;45;35;34;', '104', 2, 4, 1400000, ''),
(413, 34, '59;58;56;55;54;51;50;49;48;47;46;45;35;34;', '105', 1, 2, 1200000, ''),
(414, 34, '59;58;56;55;54;51;50;49;48;47;46;45;35;34;', '201', 1, 2, 1350000, ''),
(415, 34, '59;58;56;55;54;51;50;49;48;47;46;45;35;34;', '202', 1, 2, 1350000, ''),
(416, 34, '59;58;56;55;54;51;50;49;48;47;46;45;35;34;', '203', 2, 4, 1550000, ''),
(417, 34, '59;58;56;55;54;51;50;49;48;47;46;45;35;34;', '204', 4, 8, 1950000, ''),
(418, 34, '59;58;56;55;54;51;50;49;48;47;46;45;35;34;', '205', 3, 6, 1750000, ''),
(419, 35, '59;58;56;55;54;51;50;49;48;47;46;45;35;34;', '101', 1, 2, 950000, ''),
(420, 35, '59;58;56;55;54;51;50;49;48;47;46;45;35;34;', '102', 1, 2, 950000, ''),
(421, 35, '59;58;56;55;54;51;50;49;48;47;46;45;35;34;', '103', 2, 4, 1150000, ''),
(422, 35, '59;58;56;55;54;51;50;49;48;47;46;45;35;34;', '104', 2, 4, 1150000, ''),
(423, 35, '59;58;56;55;54;51;50;49;48;47;46;45;35;34;', '105', 1, 2, 950000, ''),
(424, 35, '59;58;56;55;54;51;50;49;48;47;46;45;35;34;', '201', 4, 8, 1650000, ''),
(425, 35, '59;58;56;55;54;51;50;49;48;47;46;45;35;34;', '202', 3, 6, 1450000, ''),
(426, 35, '59;58;56;55;54;51;50;49;48;47;46;45;35;34;', '203', 2, 4, 1250000, ''),
(427, 35, '59;58;56;55;54;51;50;49;48;47;46;45;35;34;', '204', 3, 6, 1450000, ''),
(428, 35, '59;58;56;55;54;51;50;49;48;47;46;45;35;34;', '205', 1, 2, 1050000, ''),
(429, 36, '59;58;56;55;54;51;50;49;48;47;46;45;35;34;', '101', 1, 2, 800000, ''),
(430, 36, '59;58;56;55;54;51;50;49;48;47;46;45;35;34;', '102', 1, 2, 800000, ''),
(431, 36, '59;58;56;55;54;51;50;49;48;47;46;45;35;34;', '103', 1, 2, 800000, ''),
(432, 36, '59;58;56;55;54;51;50;49;48;47;46;45;35;34;', '104', 4, 8, 1100000, ''),
(433, 36, '59;58;56;55;54;51;50;49;48;47;46;45;35;34;', '105', 1, 2, 800000, ''),
(434, 36, '59;58;56;55;54;51;50;49;48;47;46;45;35;34;', '201', 1, 2, 900000, ''),
(435, 36, '59;58;56;55;54;51;50;49;48;47;46;45;35;34;', '202', 1, 2, 900000, ''),
(436, 36, '59;58;56;55;54;51;50;49;48;47;46;45;35;34;', '203', 4, 8, 1200000, ''),
(437, 36, '59;58;56;55;54;51;50;49;48;47;46;45;35;34;', '204', 2, 4, 1000000, ''),
(438, 36, '59;58;56;55;54;51;50;49;48;47;46;45;35;34;', '205', 1, 2, 900000, ''),
(439, 37, '59;58;56;55;54;51;50;49;48;47;46;45;35;34;', '101', 1, 2, 1100000, ''),
(440, 37, '59;58;56;55;54;51;50;49;48;47;46;45;35;34;', '102', 2, 4, 1200000, ''),
(441, 37, '59;58;56;55;54;51;50;49;48;47;46;45;35;34;', '103', 3, 6, 1300000, ''),
(442, 37, '59;58;56;55;54;51;50;49;48;47;46;45;35;34;', '104', 1, 2, 1100000, ''),
(443, 37, '59;58;56;55;54;51;50;49;48;47;46;45;35;34;', '105', 1, 2, 1100000, ''),
(444, 37, '59;58;56;55;54;51;50;49;48;47;46;45;35;34;', '201', 2, 4, 1300000, ''),
(445, 37, '59;58;56;55;54;51;50;49;48;47;46;45;35;34;', '202', 2, 4, 1300000, ''),
(446, 37, '59;58;56;55;54;51;50;49;48;47;46;45;35;34;', '203', 4, 8, 1500000, ''),
(447, 37, '59;58;56;55;54;51;50;49;48;47;46;45;35;34;', '204', 1, 2, 1200000, ''),
(448, 37, '59;58;56;55;54;51;50;49;48;47;46;45;35;34;', '205', 1, 2, 1200000, ''),
(449, 37, '59;58;56;55;54;51;50;49;48;47;46;45;35;34;', '301', 1, 2, 1300000, ''),
(450, 37, '59;58;56;55;54;51;50;49;48;47;46;45;35;34;', '302', 3, 6, 1500000, ''),
(451, 37, '59;58;56;55;54;51;50;49;48;47;46;45;35;34;', '303', 4, 8, 1600000, ''),
(452, 37, '59;58;56;55;54;51;50;49;48;47;46;45;35;34;', '304', 1, 2, 1300000, ''),
(453, 37, '59;58;56;55;54;51;50;49;48;47;46;45;35;34;', '305', 2, 4, 1400000, ''),
(454, 38, '59;58;57;56;55;54;51;50;49;48;47;46;45;35;34;', '101', 1, 2, 1400000, ''),
(455, 38, '59;58;57;56;55;54;51;50;49;48;47;46;45;35;34;', '102', 3, 6, 2000000, ''),
(456, 38, '59;58;57;56;55;54;51;50;49;48;47;46;45;35;34;', '103', 1, 2, 1400000, ''),
(457, 38, '59;58;57;56;55;54;51;50;49;48;47;46;45;35;34;', '104', 2, 4, 1700000, ''),
(458, 38, '59;58;57;56;55;54;51;50;49;48;47;46;45;35;34;', '105', 1, 2, 1400000, ''),
(459, 38, '59;58;57;56;55;54;51;50;49;48;47;46;45;35;34;', '201', 1, 2, 1500000, ''),
(460, 38, '59;58;57;56;55;54;51;50;49;48;47;46;45;35;34;', '202', 1, 2, 1500000, ''),
(461, 38, '59;58;57;56;55;54;51;50;49;48;47;46;45;35;34;', '203', 2, 4, 1800000, ''),
(462, 38, '59;58;57;56;55;54;51;50;49;48;47;46;45;35;34;', '204', 1, 2, 1500000, ''),
(463, 38, '59;58;57;56;55;54;51;50;49;48;47;46;45;35;34;', '205', 1, 2, 1500000, ''),
(464, 39, '59;58;57;56;54;51;50;49;48;47;46;45;35;34;', '101', 1, 2, 1600000, ''),
(465, 39, '59;58;57;56;54;51;50;49;48;47;46;45;35;34;', '102', 1, 2, 1600000, ''),
(466, 39, '59;58;57;56;54;51;50;49;48;47;46;45;35;34;', '103', 1, 2, 1600000, ''),
(467, 39, '59;58;57;56;54;51;50;49;48;47;46;45;35;34;', '201', 1, 2, 1700000, ''),
(468, 39, '59;58;57;56;54;51;50;49;48;47;46;45;35;34;', '202', 3, 6, 2300000, ''),
(469, 39, '59;58;57;56;54;51;50;49;48;47;46;45;35;34;', '203', 2, 4, 2000000, ''),
(470, 39, '59;58;57;56;54;51;50;49;48;47;46;45;35;34;', '301', 1, 2, 1800000, ''),
(471, 39, '59;58;57;56;54;51;50;49;48;47;46;45;35;34;', '302', 1, 2, 1800000, ''),
(472, 39, '59;58;57;56;54;51;50;49;48;47;46;45;35;34;', '303', 1, 2, 1800000, ''),
(473, 39, '59;58;57;56;54;51;50;49;48;47;46;45;35;34;', '401', 3, 6, 2500000, ''),
(474, 39, '59;58;57;56;54;51;50;49;48;47;46;45;35;34;', '402', 1, 2, 1900000, ''),
(475, 39, '59;58;57;56;54;51;50;49;48;47;46;45;35;34;', '403', 4, 8, 2800000, ''),
(476, 40, '59;58;57;56;54;51;50;49;48;47;46;45;35;34;', '101', 1, 2, 1100000, ''),
(477, 40, '59;58;57;56;54;51;50;49;48;47;46;45;35;34;', '102', 1, 2, 1100000, ''),
(478, 40, '59;58;57;56;54;51;50;49;48;47;46;45;35;34;', '103', 3, 6, 1500000, ''),
(479, 40, '59;58;57;56;54;51;50;49;48;47;46;45;35;34;', '201', 2, 4, 1400000, ''),
(480, 40, '59;58;57;56;54;51;50;49;48;47;46;45;35;34;', '202', 3, 6, 1600000, ''),
(481, 40, '59;58;57;56;54;51;50;49;48;47;46;45;35;34;', '203', 1, 2, 1200000, ''),
(482, 40, '59;58;57;56;54;51;50;49;48;47;46;45;35;34;', '301', 1, 2, 1300000, ''),
(483, 40, '59;58;57;56;54;51;50;49;48;47;46;45;35;34;', '302', 2, 4, 1500000, ''),
(484, 40, '59;58;57;56;54;51;50;49;48;47;46;45;35;34;', '303', 2, 4, 1500000, ''),
(485, 41, '59;58;56;54;51;50;49;48;47;46;45;35;34;', '101', 1, 2, 900000, ''),
(486, 41, '59;58;56;54;51;50;49;48;47;46;45;35;34;', '102', 1, 2, 900000, ''),
(487, 41, '59;58;56;54;51;50;49;48;47;46;45;35;34;', '103', 1, 2, 900000, ''),
(488, 41, '59;58;56;54;51;50;49;48;47;46;45;35;34;', '201', 4, 8, 1300000, ''),
(489, 41, '59;58;56;54;51;50;49;48;47;46;45;35;34;', '202', 1, 2, 1000000, ''),
(490, 41, '59;58;56;54;51;50;49;48;47;46;45;35;34;', '203', 3, 6, 1200000, ''),
(491, 41, '59;58;56;54;51;50;49;48;47;46;45;35;34;', '301', 1, 2, 1100000, ''),
(492, 41, '59;58;56;54;51;50;49;48;47;46;45;35;34;', '302', 2, 4, 1200000, ''),
(493, 41, '59;58;56;54;51;50;49;48;47;46;45;35;34;', '303', 1, 2, 1100000, ''),
(494, 42, '59;58;56;54;51;50;49;48;47;46;45;35;34;', '101', 1, 2, 1600000, ''),
(495, 42, '59;58;56;54;51;50;49;48;47;46;45;35;34;', '102', 4, 8, 2500000, ''),
(496, 42, '59;58;56;54;51;50;49;48;47;46;45;35;34;', '103', 2, 4, 1900000, ''),
(497, 42, '59;58;56;54;51;50;49;48;47;46;45;35;34;', '104', 4, 8, 2500000, ''),
(498, 42, '59;58;56;54;51;50;49;48;47;46;45;35;34;', '201', 3, 6, 2300000, ''),
(499, 42, '59;58;56;54;51;50;49;48;47;46;45;35;34;', '202', 1, 2, 1700000, ''),
(500, 42, '59;58;56;54;51;50;49;48;47;46;45;35;34;', '203', 1, 2, 1700000, ''),
(501, 42, '59;58;56;54;51;50;49;48;47;46;45;35;34;', '204', 1, 2, 1700000, ''),
(502, 42, '59;58;56;54;51;50;49;48;47;46;45;35;34;', '301', 1, 2, 1800000, ''),
(503, 42, '59;58;56;54;51;50;49;48;47;46;45;35;34;', '302', 3, 6, 2400000, ''),
(504, 42, '59;58;56;54;51;50;49;48;47;46;45;35;34;', '303', 4, 8, 2700000, ''),
(505, 42, '59;58;56;54;51;50;49;48;47;46;45;35;34;', '304', 2, 4, 2100000, ''),
(506, 42, '59;58;56;54;51;50;49;48;47;46;45;35;34;', '401', 1, 2, 1900000, ''),
(507, 42, '59;58;56;54;51;50;49;48;47;46;45;35;34;', '402', 2, 4, 2200000, ''),
(508, 42, '59;58;56;54;51;50;49;48;47;46;45;35;34;', '403', 4, 8, 2800000, ''),
(509, 42, '59;58;56;54;51;50;49;48;47;46;45;35;34;', '404', 1, 2, 1900000, ''),
(510, 43, '59;58;56;54;51;50;49;48;47;46;45;35;34;', '101', 1, 2, 650000, ''),
(511, 43, '59;58;56;54;51;50;49;48;47;46;45;35;34;', '102', 1, 2, 650000, ''),
(512, 43, '59;58;56;54;51;50;49;48;47;46;45;35;34;', '103', 2, 4, 750000, ''),
(513, 43, '59;58;56;54;51;50;49;48;47;46;45;35;34;', '104', 1, 2, 650000, ''),
(514, 43, '59;58;56;54;51;50;49;48;47;46;45;35;34;', '201', 2, 4, 800000, ''),
(515, 43, '59;58;56;54;51;50;49;48;47;46;45;35;34;', '202', 4, 8, 1000000, ''),
(516, 43, '59;58;56;54;51;50;49;48;47;46;45;35;34;', '203', 1, 2, 700000, ''),
(517, 43, '59;58;56;54;51;50;49;48;47;46;45;35;34;', '204', 4, 8, 1000000, ''),
(518, 43, '59;58;56;54;51;50;49;48;47;46;45;35;34;', '301', 1, 2, 750000, ''),
(519, 43, '59;58;56;54;51;50;49;48;47;46;45;35;34;', '302', 1, 2, 750000, ''),
(520, 43, '59;58;56;54;51;50;49;48;47;46;45;35;34;', '303', 1, 2, 750000, ''),
(521, 43, '59;58;56;54;51;50;49;48;47;46;45;35;34;', '304', 4, 8, 1050000, ''),
(522, 44, '59;58;56;54;51;50;49;48;47;46;45;35;34;', '101', 1, 2, 1050000, ''),
(523, 44, '59;58;56;54;51;50;49;48;47;46;45;35;34;', '102', 1, 2, 1050000, ''),
(524, 44, '59;58;56;54;51;50;49;48;47;46;45;35;34;', '103', 1, 2, 1050000, ''),
(525, 44, '59;58;56;54;51;50;49;48;47;46;45;35;34;', '104', 2, 4, 1150000, ''),
(526, 44, '59;58;56;54;51;50;49;48;47;46;45;35;34;', '201', 1, 2, 1100000, ''),
(527, 44, '59;58;56;54;51;50;49;48;47;46;45;35;34;', '202', 2, 4, 1200000, ''),
(528, 44, '59;58;56;54;51;50;49;48;47;46;45;35;34;', '203', 1, 2, 1100000, ''),
(529, 44, '59;58;56;54;51;50;49;48;47;46;45;35;34;', '204', 3, 6, 1300000, ''),
(530, 44, '59;58;56;54;51;50;49;48;47;46;45;35;34;', '301', 1, 2, 1150000, ''),
(531, 44, '59;58;56;54;51;50;49;48;47;46;45;35;34;', '302', 2, 4, 1250000, ''),
(532, 44, '59;58;56;54;51;50;49;48;47;46;45;35;34;', '303', 2, 4, 1250000, ''),
(533, 44, '59;58;56;54;51;50;49;48;47;46;45;35;34;', '304', 3, 6, 1350000, ''),
(534, 45, '59;58;56;54;51;50;49;48;47;46;45;35;34;', '101', 2, 4, 1050000, ''),
(535, 45, '59;58;56;54;51;50;49;48;47;46;45;35;34;', '102', 1, 2, 950000, ''),
(536, 45, '59;58;56;54;51;50;49;48;47;46;45;35;34;', '103', 1, 2, 950000, ''),
(537, 45, '59;58;56;54;51;50;49;48;47;46;45;35;34;', '104', 3, 6, 1150000, ''),
(538, 45, '59;58;56;54;51;50;49;48;47;46;45;35;34;', '201', 1, 2, 1000000, ''),
(539, 45, '59;58;56;54;51;50;49;48;47;46;45;35;34;', '202', 1, 2, 1000000, ''),
(540, 45, '59;58;56;54;51;50;49;48;47;46;45;35;34;', '203', 4, 8, 1300000, ''),
(541, 45, '59;58;56;54;51;50;49;48;47;46;45;35;34;', '204', 3, 6, 1200000, ''),
(542, 45, '59;58;56;54;51;50;49;48;47;46;45;35;34;', '301', 1, 2, 1050000, ''),
(543, 45, '59;58;56;54;51;50;49;48;47;46;45;35;34;', '302', 4, 8, 1350000, ''),
(544, 45, '59;58;56;54;51;50;49;48;47;46;45;35;34;', '303', 2, 4, 1150000, ''),
(545, 46, '59;58;57;56;54;51;50;49;48;47;46;45;35;34;', '101', 1, 2, 850000, ''),
(546, 46, '59;58;57;56;54;51;50;49;48;47;46;45;35;34;', '102', 2, 4, 950000, ''),
(547, 46, '59;58;57;56;54;51;50;49;48;47;46;45;35;34;', '103', 1, 2, 850000, ''),
(548, 46, '59;58;57;56;54;51;50;49;48;47;46;45;35;34;', '104', 2, 4, 950000, ''),
(549, 46, '59;58;57;56;54;51;50;49;48;47;46;45;35;34;', '201', 2, 4, 1000000, ''),
(550, 46, '59;58;57;56;54;51;50;49;48;47;46;45;35;34;', '202', 2, 4, 1000000, ''),
(551, 46, '59;58;57;56;54;51;50;49;48;47;46;45;35;34;', '203', 3, 6, 1100000, ''),
(552, 46, '59;58;57;56;54;51;50;49;48;47;46;45;35;34;', '204', 2, 4, 1000000, ''),
(553, 46, '59;58;57;56;54;51;50;49;48;47;46;45;35;34;', '301', 1, 2, 950000, ''),
(554, 46, '59;58;57;56;54;51;50;49;48;47;46;45;35;34;', '302', 3, 6, 1150000, ''),
(555, 46, '59;58;57;56;54;51;50;49;48;47;46;45;35;34;', '303', 2, 4, 1050000, ''),
(556, 46, '59;58;57;56;54;51;50;49;48;47;46;45;35;34;', '304', 2, 4, 1050000, ''),
(557, 47, '59;58;57;56;54;51;50;49;48;47;46;45;35;34;', '101', 1, 2, 1150000, ''),
(558, 47, '59;58;57;56;54;51;50;49;48;47;46;45;35;34;', '102', 2, 4, 1350000, ''),
(559, 47, '59;58;57;56;54;51;50;49;48;47;46;45;35;34;', '103', 3, 6, 1550000, ''),
(560, 47, '59;58;57;56;54;51;50;49;48;47;46;45;35;34;', '104', 1, 2, 1150000, ''),
(561, 47, '59;58;57;56;54;51;50;49;48;47;46;45;35;34;', '201', 2, 4, 1400000, ''),
(562, 47, '59;58;57;56;54;51;50;49;48;47;46;45;35;34;', '202', 3, 6, 1600000, ''),
(563, 47, '59;58;57;56;54;51;50;49;48;47;46;45;35;34;', '203', 1, 2, 1200000, ''),
(564, 47, '59;58;57;56;54;51;50;49;48;47;46;45;35;34;', '204', 1, 2, 1200000, ''),
(565, 47, '59;58;57;56;54;51;50;49;48;47;46;45;35;34;', '301', 3, 6, 1650000, ''),
(566, 47, '59;58;57;56;54;51;50;49;48;47;46;45;35;34;', '302', 1, 2, 1250000, ''),
(567, 48, '59;58;57;56;54;51;50;49;48;47;46;45;35;34;', '101', 1, 2, 1350000, ''),
(568, 48, '59;58;57;56;54;51;50;49;48;47;46;45;35;34;', '102', 1, 2, 1350000, ''),
(569, 48, '59;58;57;56;54;51;50;49;48;47;46;45;35;34;', '103', 2, 4, 1600000, ''),
(570, 48, '59;58;57;56;54;51;50;49;48;47;46;45;35;34;', '104', 1, 2, 1350000, ''),
(571, 48, '59;58;57;56;54;51;50;49;48;47;46;45;35;34;', '201', 3, 6, 1950000, ''),
(572, 48, '59;58;57;56;54;51;50;49;48;47;46;45;35;34;', '202', 1, 2, 1450000, ''),
(573, 48, '59;58;57;56;54;51;50;49;48;47;46;45;35;34;', '203', 2, 4, 1700000, ''),
(574, 48, '59;58;57;56;54;51;50;49;48;47;46;45;35;34;', '204', 1, 2, 1450000, ''),
(575, 48, '59;58;57;56;54;51;50;49;48;47;46;45;35;34;', '301', 2, 4, 1800000, ''),
(576, 48, '59;58;57;56;54;51;50;49;48;47;46;45;35;34;', '302', 2, 4, 1800000, ''),
(577, 48, '59;58;57;56;54;51;50;49;48;47;46;45;35;34;', '303', 1, 2, 1550000, ''),
(578, 48, '59;58;57;56;54;51;50;49;48;47;46;45;35;34;', '304', 3, 6, 2050000, ''),
(579, 49, '59;58;57;56;54;51;50;49;48;47;46;45;35;34;', '101', 2, 4, 1650000, ''),
(580, 49, '59;58;57;56;54;51;50;49;48;47;46;45;35;34;', '102', 1, 2, 1400000, ''),
(581, 49, '59;58;57;56;54;51;50;49;48;47;46;45;35;34;', '103', 3, 6, 1900000, ''),
(582, 49, '59;58;57;56;54;51;50;49;48;47;46;45;35;34;', '104', 1, 2, 1400000, ''),
(583, 49, '59;58;57;56;54;51;50;49;48;47;46;45;35;34;', '201', 2, 4, 1800000, ''),
(584, 49, '59;58;57;56;54;51;50;49;48;47;46;45;35;34;', '202', 1, 2, 1550000, ''),
(585, 49, '59;58;57;56;54;51;50;49;48;47;46;45;35;34;', '203', 1, 2, 1550000, ''),
(586, 49, '59;58;57;56;54;51;50;49;48;47;46;45;35;34;', '204', 3, 6, 2050000, ''),
(587, 49, '59;58;57;56;54;51;50;49;48;47;46;45;35;34;', '301', 1, 2, 1700000, ''),
(588, 49, '59;58;57;56;54;51;50;49;48;47;46;45;35;34;', '302', 1, 2, 1700000, ''),
(589, 49, '59;58;57;56;54;51;50;49;48;47;46;45;35;34;', '303', 2, 4, 1950000, ''),
(590, 49, '59;58;57;56;54;51;50;49;48;47;46;45;35;34;', '304', 1, 2, 1700000, ''),
(591, 50, '59;58;56;54;51;50;49;48;47;46;45;35;34;', '101', 2, 4, 1450000, ''),
(592, 50, '59;58;56;54;51;50;49;48;47;46;45;35;34;', '102', 1, 2, 1250000, ''),
(593, 50, '59;58;56;54;51;50;49;48;47;46;45;35;34;', '103', 2, 4, 1450000, ''),
(594, 50, '59;58;56;54;51;50;49;48;47;46;45;35;34;', '104', 3, 6, 1650000, ''),
(595, 50, '59;58;56;54;51;50;49;48;47;46;45;35;34;', '201', 1, 2, 1400000, ''),
(596, 50, '59;58;56;54;51;50;49;48;47;46;45;35;34;', '202', 1, 2, 1400000, ''),
(597, 50, '59;58;56;54;51;50;49;48;47;46;45;35;34;', '203', 1, 2, 1400000, ''),
(598, 50, '59;58;56;54;51;50;49;48;47;46;45;35;34;', '204', 1, 2, 1400000, ''),
(599, 50, '59;58;56;54;51;50;49;48;47;46;45;35;34;', '301', 1, 2, 1550000, ''),
(600, 50, '59;58;56;54;51;50;49;48;47;46;45;35;34;', '302', 2, 4, 1750000, ''),
(601, 51, '59;58;56;55;54;51;50;49;48;47;46;45;35;34;', '101', 1, 2, 1300000, ''),
(602, 51, '59;58;56;55;54;51;50;49;48;47;46;45;35;34;', '102', 1, 2, 1300000, ''),
(603, 51, '59;58;56;55;54;51;50;49;48;47;46;45;35;34;', '103', 1, 2, 1300000, ''),
(604, 51, '59;58;56;55;54;51;50;49;48;47;46;45;35;34;', '104', 1, 2, 1300000, ''),
(605, 51, '59;58;56;55;54;51;50;49;48;47;46;45;35;34;', '201', 3, 6, 1850000, ''),
(606, 51, '59;58;56;55;54;51;50;49;48;47;46;45;35;34;', '202', 1, 2, 1450000, ''),
(607, 51, '59;58;56;55;54;51;50;49;48;47;46;45;35;34;', '203', 1, 2, 1450000, ''),
(608, 51, '59;58;56;55;54;51;50;49;48;47;46;45;35;34;', '204', 2, 4, 1650000, ''),
(609, 51, '59;58;56;55;54;51;50;49;48;47;46;45;35;34;', '301', 3, 6, 2000000, ''),
(610, 51, '59;58;56;55;54;51;50;49;48;47;46;45;35;34;', '302', 3, 6, 2000000, ''),
(611, 51, '59;58;56;55;54;51;50;49;48;47;46;45;35;34;', '303', 2, 4, 1800000, ''),
(612, 51, '59;58;56;55;54;51;50;49;48;47;46;45;35;34;', '304', 2, 4, 1800000, ''),
(613, 52, '59;58;56;55;54;51;50;49;48;47;46;45;35;34;', '101', 1, 2, 1200000, ''),
(614, 52, '59;58;56;55;54;51;50;49;48;47;46;45;35;34;', '102', 1, 2, 1200000, ''),
(615, 52, '59;58;56;55;54;51;50;49;48;47;46;45;35;34;', '103', 3, 6, 1600000, ''),
(616, 52, '59;58;56;55;54;51;50;49;48;47;46;45;35;34;', '104', 2, 4, 1400000, ''),
(617, 52, '59;58;56;55;54;51;50;49;48;47;46;45;35;34;', '201', 2, 4, 1550000, ''),
(618, 52, '59;58;56;55;54;51;50;49;48;47;46;45;35;34;', '202', 1, 2, 1350000, ''),
(619, 52, '59;58;56;55;54;51;50;49;48;47;46;45;35;34;', '203', 1, 2, 1350000, ''),
(620, 52, '59;58;56;55;54;51;50;49;48;47;46;45;35;34;', '204', 2, 4, 1550000, ''),
(621, 52, '59;58;56;55;54;51;50;49;48;47;46;45;35;34;', '301', 1, 2, 1500000, '');
INSERT INTO `rooms` (`id_room`, `id_host`, `convenients_room`, `name_room`, `type_room`, `capacity_room`, `price_room`, `images_room`) VALUES
(622, 52, '59;58;56;55;54;51;50;49;48;47;46;45;35;34;', '302', 1, 2, 1500000, ''),
(623, 53, '59;58;56;55;54;51;50;49;48;47;46;45;35;34;', '101', 2, 4, 1050000, ''),
(624, 53, '59;58;56;55;54;51;50;49;48;47;46;45;35;34;', '102', 3, 6, 1150000, ''),
(625, 53, '59;58;56;55;54;51;50;49;48;47;46;45;35;34;', '103', 1, 2, 950000, ''),
(626, 53, '59;58;56;55;54;51;50;49;48;47;46;45;35;34;', '104', 1, 2, 950000, ''),
(627, 53, '59;58;56;55;54;51;50;49;48;47;46;45;35;34;', '201', 2, 4, 1150000, ''),
(628, 53, '59;58;56;55;54;51;50;49;48;47;46;45;35;34;', '202', 1, 2, 1050000, ''),
(629, 53, '59;58;56;55;54;51;50;49;48;47;46;45;35;34;', '203', 2, 4, 1150000, ''),
(630, 53, '59;58;56;55;54;51;50;49;48;47;46;45;35;34;', '204', 1, 2, 1050000, ''),
(631, 54, '59;58;56;55;54;51;50;49;48;47;46;45;35;34;', '101', 2, 4, 950000, ''),
(632, 54, '59;58;56;55;54;51;50;49;48;47;46;45;35;34;', '102', 2, 4, 950000, ''),
(633, 54, '59;58;56;55;54;51;50;49;48;47;46;45;35;34;', '103', 1, 2, 850000, ''),
(634, 54, '59;58;56;55;54;51;50;49;48;47;46;45;35;34;', '104', 1, 2, 850000, ''),
(635, 54, '59;58;56;55;54;51;50;49;48;47;46;45;35;34;', '201', 1, 2, 900000, ''),
(636, 54, '59;58;56;55;54;51;50;49;48;47;46;45;35;34;', '202', 1, 2, 900000, ''),
(637, 54, '59;58;56;55;54;51;50;49;48;47;46;45;35;34;', '203', 1, 2, 900000, ''),
(638, 54, '59;58;56;55;54;51;50;49;48;47;46;45;35;34;', '204', 2, 4, 1000000, ''),
(639, 54, '59;58;56;55;54;51;50;49;48;47;46;45;35;34;', '301', 3, 6, 1150000, ''),
(640, 54, '59;58;56;55;54;51;50;49;48;47;46;45;35;34;', '302', 1, 2, 950000, ''),
(641, 54, '59;58;56;55;54;51;50;49;48;47;46;45;35;34;', '303', 1, 2, 950000, ''),
(642, 54, '59;58;56;55;54;51;50;49;48;47;46;45;35;34;', '304', 3, 6, 1150000, ''),
(643, 55, '59;58;56;55;54;51;50;49;48;47;46;45;35;34;', '101', 1, 2, 950000, ''),
(644, 55, '59;58;56;55;54;51;50;49;48;47;46;45;35;34;', '102', 3, 6, 1150000, ''),
(645, 55, '59;58;56;55;54;51;50;49;48;47;46;45;35;34;', '103', 1, 2, 950000, ''),
(646, 55, '59;58;56;55;54;51;50;49;48;47;46;45;35;34;', '104', 1, 2, 950000, ''),
(647, 55, '59;58;56;55;54;51;50;49;48;47;46;45;35;34;', '201', 1, 2, 1000000, ''),
(648, 55, '59;58;56;55;54;51;50;49;48;47;46;45;35;34;', '202', 1, 2, 1000000, ''),
(649, 55, '59;58;56;55;54;51;50;49;48;47;46;45;35;34;', '203', 1, 2, 1000000, ''),
(650, 55, '59;58;56;55;54;51;50;49;48;47;46;45;35;34;', '204', 2, 4, 1100000, ''),
(651, 55, '59;58;56;55;54;51;50;49;48;47;46;45;35;34;', '301', 1, 2, 1050000, ''),
(652, 55, '59;58;56;55;54;51;50;49;48;47;46;45;35;34;', '302', 2, 4, 1150000, ''),
(653, 55, '59;58;56;55;54;51;50;49;48;47;46;45;35;34;', '303', 1, 2, 1050000, ''),
(654, 55, '59;58;56;55;54;51;50;49;48;47;46;45;35;34;', '304', 2, 4, 1150000, ''),
(655, 56, '59;58;56;55;54;51;50;49;48;47;46;45;35;34;', '101', 1, 2, 750000, ''),
(656, 56, '59;58;56;55;54;51;50;49;48;47;46;45;35;34;', '102', 1, 2, 750000, ''),
(657, 56, '59;58;56;55;54;51;50;49;48;47;46;45;35;34;', '103', 1, 2, 750000, ''),
(658, 56, '59;58;56;55;54;51;50;49;48;47;46;45;35;34;', '104', 2, 4, 850000, ''),
(659, 56, '59;58;56;55;54;51;50;49;48;47;46;45;35;34;', '201', 1, 2, 800000, ''),
(660, 56, '59;58;56;55;54;51;50;49;48;47;46;45;35;34;', '202', 2, 4, 900000, ''),
(661, 56, '59;58;56;55;54;51;50;49;48;47;46;45;35;34;', '203', 1, 2, 800000, ''),
(662, 56, '59;58;56;55;54;51;50;49;48;47;46;45;35;34;', '204', 1, 2, 800000, ''),
(663, 56, '59;58;56;55;54;51;50;49;48;47;46;45;35;34;', '301', 1, 2, 850000, ''),
(664, 56, '59;58;56;55;54;51;50;49;48;47;46;45;35;34;', '302', 2, 4, 950000, ''),
(665, 56, '59;58;56;55;54;51;50;49;48;47;46;45;35;34;', '303', 1, 2, 850000, ''),
(666, 56, '59;58;56;55;54;51;50;49;48;47;46;45;35;34;', '304', 3, 6, 1050000, ''),
(667, 57, '59;58;56;55;54;51;50;49;48;47;46;45;35;34;', '101', 1, 2, 600000, ''),
(668, 57, '59;58;56;55;54;51;50;49;48;47;46;45;35;34;', '102', 2, 4, 650000, ''),
(669, 57, '59;58;56;55;54;51;50;49;48;47;46;45;35;34;', '103', 1, 2, 600000, ''),
(670, 57, '59;58;56;55;54;51;50;49;48;47;46;45;35;34;', '104', 2, 4, 650000, ''),
(671, 57, '59;58;56;55;54;51;50;49;48;47;46;45;35;34;', '201', 1, 2, 650000, ''),
(672, 57, '59;58;56;55;54;51;50;49;48;47;46;45;35;34;', '202', 2, 4, 700000, ''),
(673, 57, '59;58;56;55;54;51;50;49;48;47;46;45;35;34;', '203', 1, 2, 650000, ''),
(674, 57, '59;58;56;55;54;51;50;49;48;47;46;45;35;34;', '204', 1, 2, 650000, ''),
(675, 57, '59;58;56;55;54;51;50;49;48;47;46;45;35;34;', '301', 2, 4, 750000, ''),
(676, 57, '59;58;56;55;54;51;50;49;48;47;46;45;35;34;', '302', 1, 2, 700000, ''),
(677, 57, '59;58;56;55;54;51;50;49;48;47;46;45;35;34;', '303', 3, 6, 800000, ''),
(678, 57, '59;58;56;55;54;51;50;49;48;47;46;45;35;34;', '304', 3, 6, 800000, ''),
(679, 58, '59;58;56;55;54;51;50;49;48;47;46;45;35;34;', '101', 3, 6, 850000, ''),
(680, 58, '59;58;56;55;54;51;50;49;48;47;46;45;35;34;', '102', 1, 2, 650000, ''),
(681, 58, '59;58;56;55;54;51;50;49;48;47;46;45;35;34;', '103', 1, 2, 650000, ''),
(682, 58, '59;58;56;55;54;51;50;49;48;47;46;45;35;34;', '104', 3, 6, 850000, ''),
(683, 58, '59;58;56;55;54;51;50;49;48;47;46;45;35;34;', '201', 2, 4, 800000, ''),
(684, 58, '59;58;56;55;54;51;50;49;48;47;46;45;35;34;', '202', 2, 4, 800000, ''),
(685, 58, '59;58;56;55;54;51;50;49;48;47;46;45;35;34;', '203', 1, 2, 700000, ''),
(686, 58, '59;58;56;55;54;51;50;49;48;47;46;45;35;34;', '204', 1, 2, 700000, ''),
(687, 58, '59;58;56;55;54;51;50;49;48;47;46;45;35;34;', '301', 1, 2, 750000, ''),
(688, 58, '59;58;56;55;54;51;50;49;48;47;46;45;35;34;', '302', 1, 2, 750000, ''),
(689, 59, '59;58;56;55;54;51;50;49;48;47;46;45;35;34;', '101', 1, 2, 1250000, ''),
(690, 59, '59;58;56;55;54;51;50;49;48;47;46;45;35;34;', '102', 4, 8, 1850000, ''),
(691, 59, '59;58;56;55;54;51;50;49;48;47;46;45;35;34;', '103', 2, 4, 1450000, ''),
(692, 59, '59;58;56;55;54;51;50;49;48;47;46;45;35;34;', '104', 2, 4, 1450000, ''),
(693, 59, '59;58;56;55;54;51;50;49;48;47;46;45;35;34;', '105', 1, 2, 1250000, ''),
(694, 59, '59;58;56;55;54;51;50;49;48;47;46;45;35;34;', '201', 1, 2, 1300000, ''),
(695, 59, '59;58;56;55;54;51;50;49;48;47;46;45;35;34;', '202', 1, 2, 1300000, ''),
(696, 59, '59;58;56;55;54;51;50;49;48;47;46;45;35;34;', '203', 1, 2, 1300000, ''),
(697, 59, '59;58;56;55;54;51;50;49;48;47;46;45;35;34;', '204', 2, 4, 1500000, ''),
(698, 59, '59;58;56;55;54;51;50;49;48;47;46;45;35;34;', '205', 4, 8, 1900000, ''),
(699, 60, '59;58;56;55;54;51;50;49;48;47;46;45;35;34;', '101', 1, 2, 9150000, ''),
(700, 60, '59;58;56;55;54;51;50;49;48;47;46;45;35;34;', '102', 2, 4, 9250000, ''),
(701, 60, '59;58;56;55;54;51;50;49;48;47;46;45;35;34;', '103', 2, 4, 9250000, ''),
(702, 60, '59;58;56;55;54;51;50;49;48;47;46;45;35;34;', '104', 1, 2, 9150000, ''),
(703, 60, '59;58;56;55;54;51;50;49;48;47;46;45;35;34;', '105', 2, 4, 9250000, ''),
(704, 60, '59;58;56;55;54;51;50;49;48;47;46;45;35;34;', '201', 2, 4, 9300000, ''),
(705, 60, '59;58;56;55;54;51;50;49;48;47;46;45;35;34;', '202', 1, 2, 9200000, ''),
(706, 60, '59;58;56;55;54;51;50;49;48;47;46;45;35;34;', '203', 1, 2, 9200000, ''),
(707, 60, '59;58;56;55;54;51;50;49;48;47;46;45;35;34;', '204', 2, 4, 9300000, ''),
(708, 60, '59;58;56;55;54;51;50;49;48;47;46;45;35;34;', '205', 4, 8, 9500000, ''),
(709, 60, '59;58;56;55;54;51;50;49;48;47;46;45;35;34;', '301', 1, 2, 9250000, ''),
(710, 60, '59;58;56;55;54;51;50;49;48;47;46;45;35;34;', '302', 3, 6, 9450000, ''),
(711, 60, '59;58;56;55;54;51;50;49;48;47;46;45;35;34;', '303', 4, 8, 9550000, ''),
(712, 61, '59;58;56;55;54;51;50;49;48;47;46;45;35;34;', '101', 3, 6, 1550000, ''),
(713, 61, '59;58;56;55;54;51;50;49;48;47;46;45;35;34;', '102', 1, 2, 1350000, ''),
(714, 61, '59;58;56;55;54;51;50;49;48;47;46;45;35;34;', '103', 3, 6, 1550000, ''),
(715, 61, '59;58;56;55;54;51;50;49;48;47;46;45;35;34;', '104', 1, 2, 1350000, ''),
(716, 61, '59;58;56;55;54;51;50;49;48;47;46;45;35;34;', '105', 1, 2, 1350000, ''),
(717, 61, '59;58;56;55;54;51;50;49;48;47;46;45;35;34;', '201', 1, 2, 1400000, ''),
(718, 61, '59;58;56;55;54;51;50;49;48;47;46;45;35;34;', '202', 1, 2, 1400000, ''),
(719, 61, '59;58;56;55;54;51;50;49;48;47;46;45;35;34;', '203', 1, 2, 1400000, ''),
(720, 61, '59;58;56;55;54;51;50;49;48;47;46;45;35;34;', '204', 1, 2, 1400000, ''),
(721, 61, '59;58;56;55;54;51;50;49;48;47;46;45;35;34;', '205', 1, 2, 1400000, ''),
(722, 61, '59;58;56;55;54;51;50;49;48;47;46;45;35;34;', '301', 4, 8, 1750000, ''),
(723, 61, '59;58;56;55;54;51;50;49;48;47;46;45;35;34;', '302', 1, 2, 1450000, ''),
(724, 62, '59;58;56;54;51;50;49;48;47;46;45;35;34;', '101', 1, 2, 1650000, ''),
(725, 62, '59;58;56;54;51;50;49;48;47;46;45;35;34;', '102', 1, 2, 1650000, ''),
(726, 62, '59;58;56;54;51;50;49;48;47;46;45;35;34;', '103', 1, 2, 1650000, ''),
(727, 62, '59;58;56;54;51;50;49;48;47;46;45;35;34;', '104', 2, 4, 1850000, ''),
(728, 62, '59;58;56;54;51;50;49;48;47;46;45;35;34;', '105', 1, 2, 1650000, ''),
(729, 62, '59;58;56;54;51;50;49;48;47;46;45;35;34;', '201', 2, 4, 1900000, ''),
(730, 62, '59;58;56;54;51;50;49;48;47;46;45;35;34;', '202', 1, 2, 1700000, ''),
(731, 62, '59;58;56;54;51;50;49;48;47;46;45;35;34;', '203', 1, 2, 1700000, ''),
(732, 62, '59;58;56;54;51;50;49;48;47;46;45;35;34;', '204', 3, 6, 2100000, ''),
(733, 62, '59;58;56;54;51;50;49;48;47;46;45;35;34;', '205', 4, 8, 2300000, ''),
(734, 62, '59;58;56;54;51;50;49;48;47;46;45;35;34;', '301', 1, 2, 1750000, ''),
(735, 62, '59;58;56;54;51;50;49;48;47;46;45;35;34;', '302', 3, 6, 2150000, ''),
(736, 62, '59;58;56;54;51;50;49;48;47;46;45;35;34;', '303', 2, 4, 1950000, ''),
(737, 62, '59;58;56;54;51;50;49;48;47;46;45;35;34;', '304', 1, 2, 1750000, ''),
(738, 62, '59;58;56;54;51;50;49;48;47;46;45;35;34;', '305', 1, 2, 1750000, ''),
(739, 63, '59;58;56;54;51;50;49;48;47;46;45;35;34;', '101', 1, 2, 1850000, ''),
(740, 63, '59;58;56;54;51;50;49;48;47;46;45;35;34;', '102', 4, 8, 2450000, ''),
(741, 63, '59;58;56;54;51;50;49;48;47;46;45;35;34;', '103', 4, 8, 2450000, ''),
(742, 63, '59;58;56;54;51;50;49;48;47;46;45;35;34;', '104', 1, 2, 1850000, ''),
(743, 63, '59;58;56;54;51;50;49;48;47;46;45;35;34;', '105', 1, 2, 1850000, ''),
(744, 63, '59;58;56;54;51;50;49;48;47;46;45;35;34;', '201', 1, 2, 1900000, ''),
(745, 63, '59;58;56;54;51;50;49;48;47;46;45;35;34;', '202', 1, 2, 1900000, ''),
(746, 63, '59;58;56;54;51;50;49;48;47;46;45;35;34;', '203', 1, 2, 1900000, ''),
(747, 63, '59;58;56;54;51;50;49;48;47;46;45;35;34;', '204', 1, 2, 1900000, ''),
(748, 63, '59;58;56;54;51;50;49;48;47;46;45;35;34;', '205', 2, 4, 2100000, ''),
(749, 64, '59;58;56;54;51;50;49;48;47;46;45;35;34;', '101', 2, 4, 1450000, ''),
(750, 64, '59;58;56;54;51;50;49;48;47;46;45;35;34;', '102', 1, 2, 1250000, ''),
(751, 64, '59;58;56;54;51;50;49;48;47;46;45;35;34;', '103', 1, 2, 1250000, ''),
(752, 64, '59;58;56;54;51;50;49;48;47;46;45;35;34;', '104', 1, 2, 1250000, ''),
(753, 64, '59;58;56;54;51;50;49;48;47;46;45;35;34;', '105', 1, 2, 1250000, ''),
(754, 64, '59;58;56;54;51;50;49;48;47;46;45;35;34;', '201', 2, 4, 1500000, ''),
(755, 64, '59;58;56;54;51;50;49;48;47;46;45;35;34;', '202', 3, 6, 1700000, ''),
(756, 64, '59;58;56;54;51;50;49;48;47;46;45;35;34;', '203', 1, 2, 1300000, ''),
(757, 64, '59;58;56;54;51;50;49;48;47;46;45;35;34;', '204', 3, 6, 1700000, ''),
(758, 64, '59;58;56;54;51;50;49;48;47;46;45;35;34;', '205', 2, 4, 1500000, ''),
(759, 65, '59;58;57;56;55;54;51;50;49;48;47;46;45;35;34;', '100', 6, 12, 5200000, ''),
(760, 65, '59;58;57;56;55;54;51;50;49;48;47;46;45;35;34;', '200', 6, 12, 5200000, ''),
(761, 65, '59;58;57;56;55;54;51;50;49;48;47;46;45;35;34;', '300', 6, 12, 6200000, ''),
(762, 65, '59;58;57;56;55;54;51;50;49;48;47;46;45;35;34;', '400', 6, 12, 6200000, ''),
(763, 65, '59;58;57;56;55;54;51;50;49;48;47;46;45;35;34;', '101', 6, 12, 7200000, ''),
(764, 65, '59;58;57;56;55;54;51;50;49;48;47;46;45;35;34;', '202', 6, 12, 7200000, ''),
(765, 65, '59;58;57;56;55;54;51;50;49;48;47;46;45;35;34;', '303', 6, 12, 7200000, ''),
(766, 65, '59;58;57;56;55;54;51;50;49;48;47;46;45;35;34;', '404', 6, 15, 8200000, ''),
(767, 65, '59;58;57;56;55;54;51;50;49;48;47;46;45;35;34;', '405', 6, 15, 8200000, ''),
(768, 65, '59;58;57;56;55;54;51;50;49;48;47;46;45;35;34;', '606', 6, 15, 8200000, ''),
(769, 66, '59;58;57;56;55;54;51;50;49;48;47;46;45;35;34;', '101', 5, 10, 5000000, ''),
(770, 66, '59;58;57;56;55;54;51;50;49;48;47;46;45;35;34;', '102', 5, 10, 5000000, ''),
(771, 66, '59;58;57;56;55;54;51;50;49;48;47;46;45;35;34;', '103', 5, 10, 5000000, ''),
(772, 66, '59;58;57;56;55;54;51;50;49;48;47;46;45;35;34;', '104', 5, 10, 5000000, ''),
(773, 66, '59;58;57;56;55;54;51;50;49;48;47;46;45;35;34;', '105', 5, 10, 5000000, ''),
(774, 67, '59;58;57;56;55;54;51;50;49;48;47;46;45;35;34;', '101', 5, 10, 7000000, ''),
(775, 67, '59;58;57;56;55;54;51;50;49;48;47;46;45;35;34;', '102', 5, 10, 7000000, ''),
(776, 67, '59;58;57;56;55;54;51;50;49;48;47;46;45;35;34;', '103', 5, 10, 7000000, ''),
(777, 67, '59;58;57;56;55;54;51;50;49;48;47;46;45;35;34;', '104', 5, 10, 7000000, ''),
(778, 67, '59;58;57;56;55;54;51;50;49;48;47;46;45;35;34;', '105', 5, 10, 7000000, ''),
(779, 67, '59;58;57;56;55;54;51;50;49;48;47;46;45;35;34;', '106', 5, 10, 8000000, ''),
(780, 67, '59;58;57;56;55;54;51;50;49;48;47;46;45;35;34;', '107', 5, 10, 8000000, ''),
(781, 68, '59;58;56;55;54;51;50;49;48;47;46;45;35;34;', '101', 1, 2, 1800000, ''),
(782, 68, '59;58;56;55;54;51;50;49;48;47;46;45;35;34;', '102', 1, 2, 1800000, ''),
(783, 68, '59;58;56;55;54;51;50;49;48;47;46;45;35;34;', '103', 1, 2, 1800000, ''),
(784, 68, '59;58;56;55;54;51;50;49;48;47;46;45;35;34;', '104', 1, 2, 1800000, ''),
(785, 68, '59;58;56;55;54;51;50;49;48;47;46;45;35;34;', '105', 2, 4, 2000000, ''),
(786, 68, '59;58;56;55;54;51;50;49;48;47;46;45;35;34;', '201', 1, 2, 2800000, ''),
(787, 68, '59;58;56;55;54;51;50;49;48;47;46;45;35;34;', '202', 1, 2, 2800000, ''),
(788, 68, '59;58;56;55;54;51;50;49;48;47;46;45;35;34;', '203', 2, 4, 3000000, ''),
(789, 68, '59;58;56;55;54;51;50;49;48;47;46;45;35;34;', '204', 3, 6, 3200000, ''),
(790, 68, '59;58;56;55;54;51;50;49;48;47;46;45;35;34;', '205', 1, 2, 2800000, ''),
(791, 69, '59;58;56;55;54;51;50;49;48;47;46;45;35;34;', '101', 1, 2, 950000, ''),
(792, 69, '59;58;56;55;54;51;50;49;48;47;46;45;35;34;', '102', 1, 2, 950000, ''),
(793, 69, '59;58;56;55;54;51;50;49;48;47;46;45;35;34;', '103', 1, 2, 950000, ''),
(794, 69, '59;58;56;55;54;51;50;49;48;47;46;45;35;34;', '104', 2, 4, 1050000, ''),
(795, 69, '59;58;56;55;54;51;50;49;48;47;46;45;35;34;', '201', 3, 6, 1200000, ''),
(796, 69, '59;58;56;55;54;51;50;49;48;47;46;45;35;34;', '202', 3, 6, 1200000, ''),
(797, 69, '59;58;56;55;54;51;50;49;48;47;46;45;35;34;', '203', 2, 4, 1100000, ''),
(798, 69, '59;58;56;55;54;51;50;49;48;47;46;45;35;34;', '204', 1, 2, 1000000, ''),
(799, 69, '59;58;56;55;54;51;50;49;48;47;46;45;35;34;', '301', 1, 2, 1050000, ''),
(800, 69, '59;58;56;55;54;51;50;49;48;47;46;45;35;34;', '302', 1, 2, 1050000, ''),
(801, 69, '59;58;56;55;54;51;50;49;48;47;46;45;35;34;', '303', 1, 2, 1050000, ''),
(802, 69, '59;58;56;55;54;51;50;49;48;47;46;45;35;34;', '304', 2, 4, 1150000, ''),
(803, 70, '59;58;56;55;54;51;50;49;48;47;46;45;35;34;', '101', 1, 2, 950000, ''),
(804, 70, '59;58;56;55;54;51;50;49;48;47;46;45;35;34;', '102', 1, 2, 950000, ''),
(805, 70, '59;58;56;55;54;51;50;49;48;47;46;45;35;34;', '103', 3, 6, 1350000, ''),
(806, 70, '59;58;56;55;54;51;50;49;48;47;46;45;35;34;', '104', 2, 4, 1150000, ''),
(807, 70, '59;58;56;55;54;51;50;49;48;47;46;45;35;34;', '201', 1, 2, 1000000, ''),
(808, 70, '59;58;56;55;54;51;50;49;48;47;46;45;35;34;', '202', 2, 4, 1200000, ''),
(809, 70, '59;58;56;55;54;51;50;49;48;47;46;45;35;34;', '203', 1, 2, 1000000, ''),
(810, 70, '59;58;56;55;54;51;50;49;48;47;46;45;35;34;', '204', 2, 4, 1200000, ''),
(811, 70, '59;58;56;55;54;51;50;49;48;47;46;45;35;34;', '301', 1, 2, 1050000, ''),
(812, 70, '59;58;56;55;54;51;50;49;48;47;46;45;35;34;', '302', 1, 2, 1050000, ''),
(813, 71, '59;58;56;55;54;51;50;49;48;47;46;45;35;34;', '101', 2, 4, 850000, ''),
(814, 71, '59;58;56;55;54;51;50;49;48;47;46;45;35;34;', '102', 1, 2, 750000, ''),
(815, 71, '59;58;56;55;54;51;50;49;48;47;46;45;35;34;', '103', 3, 6, 950000, ''),
(816, 71, '59;58;56;55;54;51;50;49;48;47;46;45;35;34;', '104', 1, 2, 750000, ''),
(817, 71, '59;58;56;55;54;51;50;49;48;47;46;45;35;34;', '201', 1, 2, 800000, ''),
(818, 71, '59;58;56;55;54;51;50;49;48;47;46;45;35;34;', '202', 1, 2, 800000, ''),
(819, 71, '59;58;56;55;54;51;50;49;48;47;46;45;35;34;', '203', 3, 6, 1000000, ''),
(820, 71, '59;58;56;55;54;51;50;49;48;47;46;45;35;34;', '204', 1, 2, 800000, ''),
(821, 71, '59;58;56;55;54;51;50;49;48;47;46;45;35;34;', '301', 2, 4, 950000, ''),
(822, 71, '59;58;56;55;54;51;50;49;48;47;46;45;35;34;', '302', 1, 2, 850000, ''),
(823, 71, '59;58;56;55;54;51;50;49;48;47;46;45;35;34;', '303', 3, 6, 1050000, ''),
(824, 72, '59;58;56;55;54;51;50;49;48;47;46;45;35;34;', '101', 2, 4, 1200000, ''),
(825, 72, '59;58;56;55;54;51;50;49;48;47;46;45;35;34;', '102', 1, 2, 1100000, ''),
(826, 72, '59;58;56;55;54;51;50;49;48;47;46;45;35;34;', '103', 1, 2, 1100000, ''),
(827, 72, '59;58;56;55;54;51;50;49;48;47;46;45;35;34;', '104', 1, 2, 1100000, ''),
(828, 72, '59;58;56;55;54;51;50;49;48;47;46;45;35;34;', '201', 2, 4, 1300000, ''),
(829, 72, '59;58;56;55;54;51;50;49;48;47;46;45;35;34;', '202', 1, 2, 1200000, ''),
(830, 72, '59;58;56;55;54;51;50;49;48;47;46;45;35;34;', '203', 1, 2, 1200000, ''),
(831, 72, '59;58;56;55;54;51;50;49;48;47;46;45;35;34;', '204', 2, 4, 1300000, ''),
(832, 73, '59;58;56;54;51;50;49;48;47;46;45;35;34;', '101', 1, 2, 900000, ''),
(833, 73, '59;58;56;54;51;50;49;48;47;46;45;35;34;', '102', 2, 4, 1100000, ''),
(834, 73, '59;58;56;54;51;50;49;48;47;46;45;35;34;', '103', 4, 8, 1500000, ''),
(835, 73, '59;58;56;54;51;50;49;48;47;46;45;35;34;', '104', 2, 4, 1100000, ''),
(836, 73, '59;58;56;54;51;50;49;48;47;46;45;35;34;', '201', 2, 4, 1200000, ''),
(837, 73, '59;58;56;54;51;50;49;48;47;46;45;35;34;', '202', 4, 8, 1600000, ''),
(838, 73, '59;58;56;54;51;50;49;48;47;46;45;35;34;', '203', 1, 2, 1000000, ''),
(839, 73, '59;58;56;54;51;50;49;48;47;46;45;35;34;', '204', 3, 6, 1400000, ''),
(840, 73, '59;58;56;54;51;50;49;48;47;46;45;35;34;', '301', 2, 4, 1300000, ''),
(841, 73, '59;58;56;54;51;50;49;48;47;46;45;35;34;', '302', 2, 4, 1300000, ''),
(842, 73, '59;58;56;54;51;50;49;48;47;46;45;35;34;', '303', 1, 2, 1100000, ''),
(843, 73, '59;58;56;54;51;50;49;48;47;46;45;35;34;', '304', 1, 2, 1100000, ''),
(844, 73, '59;58;56;54;51;50;49;48;47;46;45;35;34;', '401', 1, 2, 1200000, ''),
(845, 73, '59;58;56;54;51;50;49;48;47;46;45;35;34;', '402', 1, 2, 1200000, ''),
(846, 73, '59;58;56;54;51;50;49;48;47;46;45;35;34;', '403', 3, 6, 1600000, ''),
(847, 73, '59;58;56;54;51;50;49;48;47;46;45;35;34;', '404', 2, 4, 1400000, ''),
(848, 74, '59;58;56;54;51;50;49;48;47;46;45;35;34;', '101', 2, 4, 1600000, ''),
(849, 74, '59;58;56;54;51;50;49;48;47;46;45;35;34;', '102', 1, 2, 1400000, ''),
(850, 74, '59;58;56;54;51;50;49;48;47;46;45;35;34;', '103', 2, 4, 1600000, ''),
(851, 74, '59;58;56;54;51;50;49;48;47;46;45;35;34;', '104', 1, 2, 1400000, ''),
(852, 74, '59;58;56;54;51;50;49;48;47;46;45;35;34;', '201', 3, 6, 2000000, ''),
(853, 74, '59;58;56;54;51;50;49;48;47;46;45;35;34;', '202', 4, 8, 2200000, ''),
(854, 74, '59;58;56;54;51;50;49;48;47;46;45;35;34;', '203', 1, 2, 1600000, ''),
(855, 74, '59;58;56;54;51;50;49;48;47;46;45;35;34;', '204', 3, 6, 2000000, ''),
(856, 74, '59;58;56;54;51;50;49;48;47;46;45;35;34;', '301', 1, 2, 1800000, ''),
(857, 74, '59;58;56;54;51;50;49;48;47;46;45;35;34;', '302', 1, 2, 1800000, ''),
(858, 74, '59;58;56;54;51;50;49;48;47;46;45;35;34;', '303', 1, 2, 1800000, ''),
(859, 74, '59;58;56;54;51;50;49;48;47;46;45;35;34;', '304', 2, 4, 2000000, ''),
(860, 75, '59;58;56;54;51;50;49;48;47;46;45;35;34;', '101', 1, 2, 650000, ''),
(861, 75, '59;58;56;54;51;50;49;48;47;46;45;35;34;', '102', 1, 2, 650000, ''),
(862, 75, '59;58;56;54;51;50;49;48;47;46;45;35;34;', '103', 1, 2, 650000, ''),
(863, 75, '59;58;56;54;51;50;49;48;47;46;45;35;34;', '104', 1, 2, 650000, ''),
(864, 75, '59;58;56;54;51;50;49;48;47;46;45;35;34;', '201', 1, 2, 700000, ''),
(865, 75, '59;58;56;54;51;50;49;48;47;46;45;35;34;', '202', 3, 6, 1100000, ''),
(866, 75, '59;58;56;54;51;50;49;48;47;46;45;35;34;', '203', 2, 4, 900000, ''),
(867, 75, '59;58;56;54;51;50;49;48;47;46;45;35;34;', '204', 2, 4, 900000, ''),
(868, 75, '59;58;56;54;51;50;49;48;47;46;45;35;34;', '301', 4, 8, 1350000, ''),
(869, 75, '59;58;56;54;51;50;49;48;47;46;45;35;34;', '302', 1, 2, 750000, ''),
(870, 75, '59;58;56;54;51;50;49;48;47;46;45;35;34;', '303', 1, 2, 750000, ''),
(871, 75, '59;58;56;54;51;50;49;48;47;46;45;35;34;', '304', 2, 4, 950000, ''),
(872, 75, '59;58;56;54;51;50;49;48;47;46;45;35;34;', '401', 3, 6, 1200000, ''),
(873, 75, '59;58;56;54;51;50;49;48;47;46;45;35;34;', '402', 1, 2, 800000, ''),
(874, 75, '59;58;56;54;51;50;49;48;47;46;45;35;34;', '403', 4, 8, 1400000, ''),
(875, 75, '59;58;56;54;51;50;49;48;47;46;45;35;34;', '404', 3, 6, 1200000, ''),
(876, 75, '59;58;56;54;51;50;49;48;47;46;45;35;34;', '501', 2, 4, 1050000, ''),
(877, 75, '59;58;56;54;51;50;49;48;47;46;45;35;34;', '502', 3, 6, 1250000, ''),
(878, 75, '59;58;56;54;51;50;49;48;47;46;45;35;34;', '503', 1, 2, 850000, ''),
(879, 75, '59;58;56;54;51;50;49;48;47;46;45;35;34;', '504', 1, 2, 850000, ''),
(880, 76, '59;58;56;54;51;50;49;48;47;46;45;35;34;', '101', 2, 4, 1450000, ''),
(881, 76, '59;58;56;54;51;50;49;48;47;46;45;35;34;', '102', 1, 2, 1150000, ''),
(882, 76, '59;58;56;54;51;50;49;48;47;46;45;35;34;', '103', 2, 4, 1450000, ''),
(883, 76, '59;58;56;54;51;50;49;48;47;46;45;35;34;', '104', 1, 2, 1150000, ''),
(884, 76, '59;58;56;54;51;50;49;48;47;46;45;35;34;', '201', 1, 2, 1200000, ''),
(885, 76, '59;58;56;54;51;50;49;48;47;46;45;35;34;', '202', 1, 2, 1200000, ''),
(886, 76, '59;58;56;54;51;50;49;48;47;46;45;35;34;', '203', 4, 8, 2100000, ''),
(887, 76, '59;58;56;54;51;50;49;48;47;46;45;35;34;', '204', 1, 2, 1200000, ''),
(888, 76, '59;58;56;54;51;50;49;48;47;46;45;35;34;', '301', 1, 2, 1250000, ''),
(889, 76, '59;58;56;54;51;50;49;48;47;46;45;35;34;', '302', 1, 2, 1250000, ''),
(890, 76, '59;58;56;54;51;50;49;48;47;46;45;35;34;', '303', 4, 8, 2150000, ''),
(891, 76, '59;58;56;54;51;50;49;48;47;46;45;35;34;', '304', 2, 4, 1550000, ''),
(892, 76, '59;58;56;54;51;50;49;48;47;46;45;35;34;', '401', 1, 2, 1300000, ''),
(893, 76, '59;58;56;54;51;50;49;48;47;46;45;35;34;', '402', 4, 8, 2200000, ''),
(894, 77, '59;58;56;54;51;50;49;48;47;46;45;35;34;', '101', 1, 2, 900000, ''),
(895, 77, '59;58;56;54;51;50;49;48;47;46;45;35;34;', '102', 1, 2, 900000, ''),
(896, 77, '59;58;56;54;51;50;49;48;47;46;45;35;34;', '103', 3, 6, 1300000, ''),
(897, 77, '59;58;56;54;51;50;49;48;47;46;45;35;34;', '104', 2, 4, 1100000, ''),
(898, 77, '59;58;56;54;51;50;49;48;47;46;45;35;34;', '201', 1, 2, 950000, ''),
(899, 77, '59;58;56;54;51;50;49;48;47;46;45;35;34;', '202', 3, 6, 1350000, ''),
(900, 77, '59;58;56;54;51;50;49;48;47;46;45;35;34;', '203', 1, 2, 950000, ''),
(901, 77, '59;58;56;54;51;50;49;48;47;46;45;35;34;', '204', 1, 2, 950000, ''),
(902, 77, '59;58;56;54;51;50;49;48;47;46;45;35;34;', '301', 2, 4, 1200000, ''),
(903, 77, '59;58;56;54;51;50;49;48;47;46;45;35;34;', '302', 2, 4, 1200000, ''),
(904, 77, '59;58;56;54;51;50;49;48;47;46;45;35;34;', '303', 1, 2, 1000000, ''),
(905, 77, '59;58;56;54;51;50;49;48;47;46;45;35;34;', '304', 3, 6, 1400000, ''),
(906, 77, '59;58;56;54;51;50;49;48;47;46;45;35;34;', '401', 1, 2, 1050000, ''),
(907, 78, '59;58;56;54;51;50;49;48;47;46;45;35;34;', '101', 1, 2, 1050000, ''),
(908, 78, '59;58;56;54;51;50;49;48;47;46;45;35;34;', '102', 1, 2, 1050000, ''),
(909, 78, '59;58;56;54;51;50;49;48;47;46;45;35;34;', '103', 2, 4, 1350000, ''),
(910, 78, '59;58;56;54;51;50;49;48;47;46;45;35;34;', '104', 1, 2, 1050000, ''),
(911, 78, '59;58;56;54;51;50;49;48;47;46;45;35;34;', '201', 1, 2, 1100000, ''),
(912, 78, '59;58;56;54;51;50;49;48;47;46;45;35;34;', '202', 1, 2, 1100000, ''),
(913, 78, '59;58;56;54;51;50;49;48;47;46;45;35;34;', '203', 1, 2, 1100000, ''),
(914, 78, '59;58;56;54;51;50;49;48;47;46;45;35;34;', '204', 3, 6, 1700000, ''),
(915, 78, '59;58;56;54;51;50;49;48;47;46;45;35;34;', '301', 2, 4, 1450000, ''),
(916, 78, '59;58;56;54;51;50;49;48;47;46;45;35;34;', '302', 2, 4, 1450000, ''),
(917, 78, '59;58;56;54;51;50;49;48;47;46;45;35;34;', '303', 1, 2, 1150000, ''),
(918, 78, '59;58;56;54;51;50;49;48;47;46;45;35;34;', '304', 2, 4, 1450000, ''),
(919, 79, '59;58;56;54;51;50;49;48;47;46;45;35;34;', '101', 2, 4, 1650000, ''),
(920, 79, '59;58;56;54;51;50;49;48;47;46;45;35;34;', '102', 2, 4, 1650000, ''),
(921, 79, '59;58;56;54;51;50;49;48;47;46;45;35;34;', '103', 1, 2, 1350000, ''),
(922, 79, '59;58;56;54;51;50;49;48;47;46;45;35;34;', '104', 1, 2, 1350000, ''),
(923, 79, '59;58;56;54;51;50;49;48;47;46;45;35;34;', '201', 1, 2, 1400000, ''),
(924, 79, '59;58;56;54;51;50;49;48;47;46;45;35;34;', '202', 2, 4, 1700000, ''),
(925, 79, '59;58;56;54;51;50;49;48;47;46;45;35;34;', '203', 3, 6, 2000000, ''),
(926, 79, '59;58;56;54;51;50;49;48;47;46;45;35;34;', '204', 1, 2, 1400000, ''),
(927, 80, '59;58;56;54;51;50;49;48;47;46;45;35;34;', '101', 1, 2, 950000, ''),
(928, 80, '59;58;56;54;51;50;49;48;47;46;45;35;34;', '102', 3, 6, 1550000, ''),
(929, 80, '59;58;56;54;51;50;49;48;47;46;45;35;34;', '103', 1, 2, 950000, ''),
(930, 80, '59;58;56;54;51;50;49;48;47;46;45;35;34;', '104', 3, 6, 1550000, ''),
(931, 80, '59;58;56;54;51;50;49;48;47;46;45;35;34;', '201', 3, 6, 1600000, ''),
(932, 80, '59;58;56;54;51;50;49;48;47;46;45;35;34;', '202', 1, 2, 1000000, ''),
(933, 80, '59;58;56;54;51;50;49;48;47;46;45;35;34;', '203', 1, 2, 1000000, ''),
(934, 80, '59;58;56;54;51;50;49;48;47;46;45;35;34;', '204', 3, 6, 1600000, ''),
(935, 80, '59;58;56;54;51;50;49;48;47;46;45;35;34;', '301', 2, 4, 1350000, ''),
(936, 80, '59;58;56;54;51;50;49;48;47;46;45;35;34;', '302', 2, 4, 1350000, ''),
(937, 81, '59;58;57;56;55;54;51;50;49;48;47;46;45;35;34;', '101', 6, 10, 2000000, ''),
(938, 81, '59;58;57;56;55;54;51;50;49;48;47;46;45;35;34;', '202', 6, 10, 2000000, ''),
(939, 81, '59;58;57;56;55;54;51;50;49;48;47;46;45;35;34;', '303', 6, 10, 2000000, ''),
(940, 81, '59;58;57;56;55;54;51;50;49;48;47;46;45;35;34;', '404', 6, 10, 2000000, ''),
(941, 81, '59;58;57;56;55;54;51;50;49;48;47;46;45;35;34;', '505', 6, 10, 2000000, ''),
(942, 82, '59;58;57;56;55;54;51;50;49;48;47;46;45;35;34;', '101', 6, 10, 2500000, ''),
(943, 82, '59;58;57;56;55;54;51;50;49;48;47;46;45;35;34;', '202', 6, 10, 2500000, ''),
(944, 82, '59;58;57;56;55;54;51;50;49;48;47;46;45;35;34;', '303', 6, 10, 2500000, ''),
(945, 82, '59;58;57;56;55;54;51;50;49;48;47;46;45;35;34;', '404', 6, 10, 2500000, ''),
(946, 82, '59;58;57;56;55;54;51;50;49;48;47;46;45;35;34;', '505', 6, 10, 2500000, ''),
(947, 83, '59;58;57;56;55;54;51;50;49;48;47;46;45;35;34;', '101', 6, 8, 3000000, ''),
(948, 83, '59;58;57;56;55;54;51;50;49;48;47;46;45;35;34;', '202', 6, 8, 3000000, ''),
(949, 83, '59;58;57;56;55;54;51;50;49;48;47;46;45;35;34;', '303', 6, 8, 3000000, ''),
(950, 83, '59;58;57;56;55;54;51;50;49;48;47;46;45;35;34;', '404', 6, 8, 3000000, ''),
(951, 83, '59;58;57;56;55;54;51;50;49;48;47;46;45;35;34;', '505', 6, 8, 3000000, ''),
(952, 83, '59;58;57;56;55;54;51;50;49;48;47;46;45;35;34;', '606', 6, 8, 3000000, ''),
(953, 84, '59;58;57;56;55;54;51;50;49;48;47;46;45;35;34;', '101', 6, 12, 2800000, ''),
(954, 84, '59;58;57;56;55;54;51;50;49;48;47;46;45;35;34;', '202', 6, 12, 2800000, ''),
(955, 84, '59;58;57;56;55;54;51;50;49;48;47;46;45;35;34;', '303', 6, 12, 2800000, ''),
(956, 84, '59;58;57;56;55;54;51;50;49;48;47;46;45;35;34;', '404', 6, 12, 2800000, ''),
(957, 84, '59;58;57;56;55;54;51;50;49;48;47;46;45;35;34;', '505', 6, 12, 2800000, ''),
(958, 85, '59;58;57;56;55;54;51;50;49;48;47;46;45;35;34;', '101', 6, 10, 2500000, ''),
(959, 85, '59;58;57;56;55;54;51;50;49;48;47;46;45;35;34;', '202', 6, 10, 2500000, ''),
(960, 85, '59;58;57;56;55;54;51;50;49;48;47;46;45;35;34;', '303', 6, 10, 2500000, ''),
(961, 85, '59;58;57;56;55;54;51;50;49;48;47;46;45;35;34;', '404', 6, 10, 2500000, ''),
(962, 85, '59;58;57;56;55;54;51;50;49;48;47;46;45;35;34;', '505', 6, 10, 2500000, ''),
(963, 85, '59;58;57;56;55;54;51;50;49;48;47;46;45;35;34;', '606', 6, 10, 2500000, ''),
(964, 85, '59;58;57;56;55;54;51;50;49;48;47;46;45;35;34;', '707', 6, 10, 2500000, ''),
(965, 86, '59;58;57;56;55;54;51;50;49;48;47;46;45;35;34;', '101', 6, 8, 3500000, ''),
(966, 86, '59;58;57;56;55;54;51;50;49;48;47;46;45;35;34;', '202', 6, 8, 3500000, ''),
(967, 86, '59;58;57;56;55;54;51;50;49;48;47;46;45;35;34;', '303', 6, 8, 3500000, ''),
(968, 86, '59;58;57;56;55;54;51;50;49;48;47;46;45;35;34;', '404', 6, 8, 3500000, ''),
(969, 87, '59;58;57;56;55;54;51;50;49;48;47;46;45;35;34;', '101', 6, 6, 4000000, ''),
(970, 87, '59;58;57;56;55;54;51;50;49;48;47;46;45;35;34;', '202', 6, 6, 4000000, ''),
(971, 87, '59;58;57;56;55;54;51;50;49;48;47;46;45;35;34;', '303', 6, 6, 4000000, ''),
(972, 87, '59;58;57;56;55;54;51;50;49;48;47;46;45;35;34;', '404', 6, 6, 4000000, ''),
(973, 88, '59;58;57;56;55;54;51;50;49;48;47;46;45;35;34;', '101', 6, 8, 2500000, ''),
(974, 88, '59;58;57;56;55;54;51;50;49;48;47;46;45;35;34;', '202', 6, 8, 2500000, ''),
(975, 88, '59;58;57;56;55;54;51;50;49;48;47;46;45;35;34;', '303', 6, 8, 2500000, ''),
(976, 88, '59;58;57;56;55;54;51;50;49;48;47;46;45;35;34;', '404', 6, 8, 2500000, ''),
(977, 88, '59;58;57;56;55;54;51;50;49;48;47;46;45;35;34;', '505', 6, 8, 2500000, ''),
(978, 89, '59;58;57;56;55;54;51;50;49;48;47;46;45;35;34;', '101', 6, 10, 3500000, ''),
(979, 89, '59;58;57;56;55;54;51;50;49;48;47;46;45;35;34;', '202', 6, 10, 3500000, ''),
(980, 89, '59;58;57;56;55;54;51;50;49;48;47;46;45;35;34;', '303', 6, 10, 3500000, ''),
(981, 89, '59;58;57;56;55;54;51;50;49;48;47;46;45;35;34;', '404', 6, 10, 3500000, ''),
(982, 89, '59;58;57;56;55;54;51;50;49;48;47;46;45;35;34;', '505', 6, 10, 3500000, ''),
(983, 89, '59;58;57;56;55;54;51;50;49;48;47;46;45;35;34;', '606', 6, 10, 3500000, ''),
(984, 90, '59;58;57;56;55;54;51;50;49;48;47;46;45;35;34;', '101', 6, 12, 4000000, ''),
(985, 90, '59;58;57;56;55;54;51;50;49;48;47;46;45;35;34;', '202', 6, 12, 4000000, ''),
(986, 90, '59;58;57;56;55;54;51;50;49;48;47;46;45;35;34;', '303', 6, 12, 4000000, ''),
(987, 90, '59;58;57;56;55;54;51;50;49;48;47;46;45;35;34;', '404', 6, 12, 4000000, ''),
(988, 91, '59;58;57;56;55;54;51;50;49;48;47;46;45;35;34;', '101', 5, 8, 2000000, ''),
(989, 91, '59;58;57;56;55;54;51;50;49;48;47;46;45;35;34;', '202', 5, 8, 2000000, ''),
(990, 91, '59;58;57;56;55;54;51;50;49;48;47;46;45;35;34;', '303', 5, 8, 2000000, ''),
(991, 91, '59;58;57;56;55;54;51;50;49;48;47;46;45;35;34;', '404', 5, 8, 2000000, ''),
(992, 91, '59;58;57;56;55;54;51;50;49;48;47;46;45;35;34;', '505', 5, 8, 2000000, ''),
(993, 91, '59;58;57;56;55;54;51;50;49;48;47;46;45;35;34;', '606', 5, 8, 2000000, ''),
(994, 92, '59;58;57;56;55;54;51;50;49;48;47;46;45;35;34;', '101', 5, 6, 1800000, ''),
(995, 92, '59;58;57;56;55;54;51;50;49;48;47;46;45;35;34;', '202', 5, 6, 1800000, ''),
(996, 92, '59;58;57;56;55;54;51;50;49;48;47;46;45;35;34;', '303', 5, 6, 1800000, ''),
(997, 92, '59;58;57;56;55;54;51;50;49;48;47;46;45;35;34;', '404', 5, 6, 1800000, ''),
(998, 92, '59;58;57;56;55;54;51;50;49;48;47;46;45;35;34;', '505', 5, 6, 1800000, ''),
(999, 93, '59;58;57;56;55;54;51;50;49;48;47;46;45;35;34;', '101', 5, 8, 1800000, ''),
(1000, 93, '59;58;57;56;55;54;51;50;49;48;47;46;45;35;34;', '202', 5, 8, 1800000, ''),
(1001, 93, '59;58;57;56;55;54;51;50;49;48;47;46;45;35;34;', '303', 5, 8, 1800000, ''),
(1002, 93, '59;58;57;56;55;54;51;50;49;48;47;46;45;35;34;', '404', 5, 8, 1800000, ''),
(1003, 93, '59;58;57;56;55;54;51;50;49;48;47;46;45;35;34;', '505', 5, 8, 1800000, ''),
(1004, 93, '59;58;57;56;55;54;51;50;49;48;47;46;45;35;34;', '606', 5, 8, 1800000, ''),
(1005, 94, '59;58;57;56;55;54;51;50;49;48;47;46;45;35;34;', '101', 5, 4, 1200000, ''),
(1006, 94, '59;58;57;56;55;54;51;50;49;48;47;46;45;35;34;', '202', 5, 4, 1200000, ''),
(1007, 94, '59;58;57;56;55;54;51;50;49;48;47;46;45;35;34;', '303', 5, 4, 1200000, ''),
(1008, 94, '59;58;57;56;55;54;51;50;49;48;47;46;45;35;34;', '404', 5, 4, 1200000, ''),
(1009, 94, '59;58;57;56;55;54;51;50;49;48;47;46;45;35;34;', '505', 5, 4, 1200000, ''),
(1010, 94, '59;58;57;56;55;54;51;50;49;48;47;46;45;35;34;', '606', 5, 4, 1200000, ''),
(1011, 94, '59;58;57;56;55;54;51;50;49;48;47;46;45;35;34;', '707', 5, 4, 1200000, ''),
(1012, 95, '59;58;57;56;55;54;51;50;49;48;47;46;45;35;34;', '101', 5, 6, 2000000, ''),
(1013, 95, '59;58;57;56;55;54;51;50;49;48;47;46;45;35;34;', '202', 5, 6, 2000000, ''),
(1014, 95, '59;58;57;56;55;54;51;50;49;48;47;46;45;35;34;', '303', 5, 6, 2000000, ''),
(1015, 95, '59;58;57;56;55;54;51;50;49;48;47;46;45;35;34;', '404', 5, 6, 2000000, ''),
(1016, 95, '59;58;57;56;55;54;51;50;49;48;47;46;45;35;34;', '505', 5, 6, 2000000, ''),
(1017, 96, '59;58;57;56;55;54;51;50;49;48;47;46;45;35;34;', '101', 5, 8, 2000000, ''),
(1018, 96, '59;58;57;56;55;54;51;50;49;48;47;46;45;35;34;', '202', 5, 8, 2000000, ''),
(1019, 96, '59;58;57;56;55;54;51;50;49;48;47;46;45;35;34;', '303', 5, 8, 2000000, ''),
(1020, 96, '59;58;57;56;55;54;51;50;49;48;47;46;45;35;34;', '404', 5, 8, 2000000, ''),
(1021, 96, '59;58;57;56;55;54;51;50;49;48;47;46;45;35;34;', '505', 5, 8, 2000000, ''),
(1022, 97, '59;58;57;56;55;54;51;50;49;48;47;46;45;35;34;', '101', 5, 8, 2500000, ''),
(1023, 97, '59;58;57;56;55;54;51;50;49;48;47;46;45;35;34;', '202', 5, 8, 2500000, ''),
(1024, 97, '59;58;57;56;55;54;51;50;49;48;47;46;45;35;34;', '303', 5, 8, 2500000, ''),
(1025, 97, '59;58;57;56;55;54;51;50;49;48;47;46;45;35;34;', '404', 5, 8, 2500000, ''),
(1026, 98, '59;58;57;56;55;54;51;50;49;48;47;46;45;35;34;', '101', 5, 6, 1800000, ''),
(1027, 98, '59;58;57;56;55;54;51;50;49;48;47;46;45;35;34;', '202', 5, 6, 1800000, ''),
(1028, 98, '59;58;57;56;55;54;51;50;49;48;47;46;45;35;34;', '303', 5, 6, 1800000, ''),
(1029, 98, '59;58;57;56;55;54;51;50;49;48;47;46;45;35;34;', '404', 5, 6, 1800000, ''),
(1030, 98, '59;58;57;56;55;54;51;50;49;48;47;46;45;35;34;', '505', 5, 6, 1800000, ''),
(1031, 98, '59;58;57;56;55;54;51;50;49;48;47;46;45;35;34;', '606', 5, 6, 1800000, ''),
(1032, 99, '59;58;57;56;55;54;51;50;49;48;47;46;45;35;34;', '101', 5, 8, 2400000, ''),
(1033, 99, '59;58;57;56;55;54;51;50;49;48;47;46;45;35;34;', '202', 5, 8, 2400000, ''),
(1034, 99, '59;58;57;56;55;54;51;50;49;48;47;46;45;35;34;', '303', 5, 8, 2400000, ''),
(1035, 99, '59;58;57;56;55;54;51;50;49;48;47;46;45;35;34;', '404', 5, 8, 2400000, ''),
(1036, 99, '59;58;57;56;55;54;51;50;49;48;47;46;45;35;34;', '505', 5, 8, 2400000, ''),
(1037, 100, '59;58;57;56;55;54;51;50;49;48;47;46;45;35;34;', '101', 5, 6, 2000000, ''),
(1038, 100, '59;58;57;56;55;54;51;50;49;48;47;46;45;35;34;', '202', 5, 6, 2000000, ''),
(1039, 100, '59;58;57;56;55;54;51;50;49;48;47;46;45;35;34;', '303', 5, 6, 2000000, ''),
(1040, 100, '59;58;57;56;55;54;51;50;49;48;47;46;45;35;34;', '404', 5, 6, 2000000, ''),
(1041, 100, '59;58;57;56;55;54;51;50;49;48;47;46;45;35;34;', '505', 5, 6, 2000000, ''),
(1042, 100, '59;58;57;56;55;54;51;50;49;48;47;46;45;35;34;', '606', 5, 6, 2000000, ''),
(1043, 101, '59;58;57;56;55;54;51;50;49;48;47;46;45;35;34;', '101', 5, 8, 1800000, ''),
(1044, 101, '59;58;57;56;55;54;51;50;49;48;47;46;45;35;34;', '202', 5, 8, 1800000, ''),
(1045, 101, '59;58;57;56;55;54;51;50;49;48;47;46;45;35;34;', '303', 5, 8, 1800000, ''),
(1046, 101, '59;58;57;56;55;54;51;50;49;48;47;46;45;35;34;', '404', 5, 8, 1800000, ''),
(1047, 101, '59;58;57;56;55;54;51;50;49;48;47;46;45;35;34;', '505', 5, 8, 1800000, '');

--
-- Indexes for dumped tables
--

--
-- Indexes for table `booking_schedule`
--
ALTER TABLE `booking_schedule`
  ADD PRIMARY KEY (`id_booking`);

--
-- Indexes for table `comment`
--
ALTER TABLE `comment`
  ADD PRIMARY KEY (`id_comment`),
  ADD KEY `FK_COMMENT_MEMBER` (`id_member`),
  ADD KEY `FK_COMMENT_HOST` (`id_host`);

--
-- Indexes for table `convenient`
--
ALTER TABLE `convenient`
  ADD PRIMARY KEY (`id_conv`);

--
-- Indexes for table `evaluate`
--
ALTER TABLE `evaluate`
  ADD PRIMARY KEY (`id_evaluate`),
  ADD KEY `FK_EVALUATE_MEMBER` (`id_member`),
  ADD KEY `FK_EVALUATE_HOST` (`id_host`);

--
-- Indexes for table `host`
--
ALTER TABLE `host`
  ADD PRIMARY KEY (`id_host`);

--
-- Indexes for table `member`
--
ALTER TABLE `member`
  ADD PRIMARY KEY (`id_mem`);

--
-- Indexes for table `proposal`
--
ALTER TABLE `proposal`
  ADD PRIMARY KEY (`id_proposal`);

--
-- Indexes for table `rooms`
--
ALTER TABLE `rooms`
  ADD PRIMARY KEY (`id_room`),
  ADD KEY `FK_ROOM_HOST` (`id_host`);

--
-- AUTO_INCREMENT for dumped tables
--

--
-- AUTO_INCREMENT for table `booking_schedule`
--
ALTER TABLE `booking_schedule`
  MODIFY `id_booking` int(11) NOT NULL AUTO_INCREMENT, AUTO_INCREMENT=16;

--
-- AUTO_INCREMENT for table `comment`
--
ALTER TABLE `comment`
  MODIFY `id_comment` int(11) NOT NULL AUTO_INCREMENT, AUTO_INCREMENT=44;

--
-- AUTO_INCREMENT for table `convenient`
--
ALTER TABLE `convenient`
  MODIFY `id_conv` int(11) NOT NULL AUTO_INCREMENT, AUTO_INCREMENT=60;

--
-- AUTO_INCREMENT for table `evaluate`
--
ALTER TABLE `evaluate`
  MODIFY `id_evaluate` int(11) NOT NULL AUTO_INCREMENT, AUTO_INCREMENT=23;

--
-- AUTO_INCREMENT for table `host`
--
ALTER TABLE `host`
  MODIFY `id_host` int(11) NOT NULL AUTO_INCREMENT, AUTO_INCREMENT=106;

--
-- AUTO_INCREMENT for table `member`
--
ALTER TABLE `member`
  MODIFY `id_mem` int(11) NOT NULL AUTO_INCREMENT, AUTO_INCREMENT=5;

--
-- AUTO_INCREMENT for table `proposal`
--
ALTER TABLE `proposal`
  MODIFY `id_proposal` int(11) NOT NULL AUTO_INCREMENT, AUTO_INCREMENT=56;

--
-- AUTO_INCREMENT for table `rooms`
--
ALTER TABLE `rooms`
  MODIFY `id_room` int(11) NOT NULL AUTO_INCREMENT, AUTO_INCREMENT=1048;

--
-- Constraints for dumped tables
--

--
-- Constraints for table `comment`
--
ALTER TABLE `comment`
  ADD CONSTRAINT `FK_COMMENT_HOST` FOREIGN KEY (`id_host`) REFERENCES `host` (`id_host`) ON DELETE CASCADE ON UPDATE CASCADE,
  ADD CONSTRAINT `FK_COMMENT_MEMBER` FOREIGN KEY (`id_member`) REFERENCES `member` (`id_mem`) ON DELETE CASCADE ON UPDATE CASCADE;

--
-- Constraints for table `evaluate`
--
ALTER TABLE `evaluate`
  ADD CONSTRAINT `FK_EVALUATE_HOST` FOREIGN KEY (`id_host`) REFERENCES `host` (`id_host`) ON DELETE CASCADE ON UPDATE CASCADE,
  ADD CONSTRAINT `FK_EVALUATE_MEMBER` FOREIGN KEY (`id_member`) REFERENCES `member` (`id_mem`) ON DELETE CASCADE ON UPDATE CASCADE;

--
-- Constraints for table `rooms`
--
ALTER TABLE `rooms`
  ADD CONSTRAINT `FK_ROOM_HOST` FOREIGN KEY (`id_host`) REFERENCES `host` (`id_host`) ON DELETE CASCADE ON UPDATE CASCADE;
COMMIT;

/*!40101 SET CHARACTER_SET_CLIENT=@OLD_CHARACTER_SET_CLIENT */;
/*!40101 SET CHARACTER_SET_RESULTS=@OLD_CHARACTER_SET_RESULTS */;
/*!40101 SET COLLATION_CONNECTION=@OLD_COLLATION_CONNECTION */;
